Activity ID,Activity Type,Elapsed Time,Moving Time,Max Speed,Average Speed,Elevation Gain,Elevation Loss,Elevation Low,Elevation High,Max Grade,Average Grade,Average Heart Rate,Average Watts,Calories,Average Elapsed Speed,Hour_of_Day,Month,Distance_km,Average Watts_Recorded,Calories_Recorded,Average Heart Rate_Recorded,Day_of_Week_Friday,Day_of_Week_Monday,Day_of_Week_Saturday,Day_of_Week_Sunday,Day_of_Week_Thursday,Day_of_Week_Tuesday,Day_of_Week_Wednesday
16055474379,Walk,0.4623942029960534,-0.014060719017735573,5.88611531107955,1.5366461420996211,1.0127137087912808,0.9299873704518683,-1.7812085427368038,-1.209754959502952,1.8427303625341167,0.020031953693532906,-0.3427574862058091,-1.236349960316633,-0.7050282416501834,3.363082070518634,-0.07986023639604464,0.8026693245947429,0.4498219603642493,-1.2597446256043845,-1.329451714228507,-0.3502020979862374,0.0,1.0,0.0,0.0,0.0,0.0,0.0
16063662192,Walk,3.4913155184387374,2.5196199577446174,2.89436827977144,0.8379393015564648,4.54887608475469,4.534557938813141,-1.2413125802572107,-0.04101205921906313,1.7940791504503508,0.020031953693532906,-0.3427574862058091,-1.236349960316633,-0.7050282416501834,2.3782923926779893,-2.502287407076074,0.8026693245947429,3.185545385913678,-1.2597446256043845,-1.329451714228507,-0.3502020979862374,0.0,0.0,0.0,0.0,0.0,1.0,0.0
16088739461,Walk,4.9591473064904,0.6695082660072037,-0.2079066631504315,-1.681428430766303,-0.15214836101349752,-0.13259776452107994,-0.900151327892805,-1.1377091642799724,0.7724036966912703,0.020031953693532906,-0.3427574862058091,-1.236349960316633,-0.7050282416501834,-2.917314361083432,-2.315946855485303,0.8026693245947429,-0.5114636218711613,-1.2597446256043845,-1.329451714228507,-0.3502020979862374,0.0,0.0,0.0,0.0,1.0,0.0,0.0
16180467304,Walk,-0.22264136386651684,-0.5500470003389273,-0.7374415165316204,-1.6297027774710986,-0.5467572400143649,-0.5743631314090046,-0.8239696890153164,-1.113693899205646,-0.3187734886160476,0.020031953693532906,-0.3427574862058091,-1.236349960316633,-0.7050282416501834,-2.2831854000858307,-2.315946855485303,0.8026693245947429,-0.7281129002729958,-1.2597446256043845,-1.329451714228507,-0.3502020979862374,0.0,0.0,0.0,1.0,0.0,0.0,0.0
16180560256,Ride,-0.6134469856469625,-0.8278967475645749,-1.1021211797092316,-1.4987465600014942,-0.618239070221546,-0.6580196959027313,-1.343992180483391,-1.5753206611899215,0.4943967704983231,5.37307783922556,-0.3427574862058091,-1.236349960316633,-0.7050282416501834,0.1084466746700211,-0.8252224427591307,0.8026693245947429,-0.7822967009235063,-1.2597446256043845,-1.329451714228507,-0.3502020979862374,0.0,0.0,1.0,0.0,0.0,0.0,0.0
16180606538,Walk,-0.6083515818457014,-0.8223024573519779,-0.5617208706100796,-1.3891374375426089,-0.5970862837316658,-0.6352709809965424,-1.0193921539619177,-1.3965403545254913,-0.18672019867439757,2.078895755821235,-0.3427574862058091,-1.236349960316633,-0.7050282416501834,0.27012856207669406,-0.8252224427591307,0.8026693245947429,-0.7786706996747724,-1.2597446256043845,-1.329451714228507,-0.3502020979862374,0.0,0.0,1.0,0.0,0.0,0.0,0.0
16180821872,Run,-0.5159233268460811,-0.6475474869013309,-0.9397637954178294,-1.4174633905376017,-0.3272059043780228,-0.35861725455676235,-1.3771146321692556,-1.2230967734331333,1.363168414851283,0.4318047141190734,-0.3427574862058091,-1.236349960316633,-0.7050282416501834,-0.025938270706954016,-0.8252224427591307,0.8026693245947429,-0.7291439906754794,-1.2597446256043845,-1.329451714228507,-0.3502020979862374,0.0,0.0,1.0,0.0,0.0,0.0,0.0
16180962018,Run,-0.5626114453971713,-0.745314368235763,-0.08713774729674988,-1.3698429478213818,-0.450475591163876,-0.47602997665322083,-1.324118709471872,-1.3431730988047659,0.29284174900843624,-2.038831848434169,-0.3427574862058091,-1.236349960316633,-0.7050282416501834,-0.021738741163923544,-0.6388818911683591,0.8026693245947429,-0.7547708833872059,-1.2597446256043845,-1.329451714228507,-0.3502020979862374,0.0,0.0,1.0,0.0,0.0,0.0,0.0
16289081571,Walk,0.9417176536030585,0.11354237678388014,2.2440645105365693,1.8371475564812838,1.4510869736332792,1.3959691112721875,-1.8408289557713602,-0.8175056299556194,1.5855739558056405,0.4318047141190734,-0.3427574862058091,-1.236349960316633,-0.7050282416501834,2.47068204262466,-2.688627958666846,0.8026693245947429,0.751012059349714,-1.2597446256043845,-1.329451714228507,-0.3502020979862374,0.0,0.0,0.0,0.0,0.0,0.0,1.0
16352734901,Walk,-0.3044048202123348,-0.5801496095781393,0.30539245180161745,-1.4351157960272347,-0.22144197192862214,-0.20598071583136643,-1.3075574836289399,-0.9696023087596872,1.710677072592467,-1.2152863275830885,-0.3427574862058091,-1.236349960316633,-0.7050282416501834,-1.766643266293083,-0.6388818911683591,1.4352365406660963,-0.7118302643337766,-1.2597446256043845,-1.329451714228507,-0.3502020979862374,0.0,0.0,0.0,0.0,0.0,1.0,0.0
16055474379,Walk,0.4623942029960534,-0.014060719017735573,5.88611531107955,1.5366461420996211,1.0127137087912808,0.9299873704518683,-1.7812085427368038,-1.209754959502952,1.8427303625341167,0.020031953693532906,-0.3427574862058091,-1.236349960316633,-0.7050282416501834,3.363082070518634,-0.07986023639604464,0.8026693245947429,0.4498219603642493,-1.2597446256043845,-1.329451714228507,-0.3502020979862374,0.0,1.0,0.0,0.0,0.0,0.0,0.0
16063662192,Walk,3.4913155184387374,2.5196199577446174,2.89436827977144,0.8379393015564648,4.54887608475469,4.534557938813141,-1.2413125802572107,-0.04101205921906313,1.7940791504503508,0.020031953693532906,-0.3427574862058091,-1.236349960316633,-0.7050282416501834,2.3782923926779893,-2.502287407076074,0.8026693245947429,3.185545385913678,-1.2597446256043845,-1.329451714228507,-0.3502020979862374,0.0,0.0,0.0,0.0,0.0,1.0,0.0
16088739461,Walk,4.9591473064904,0.6695082660072037,-0.2079066631504315,-1.681428430766303,-0.15214836101349752,-0.13259776452107994,-0.900151327892805,-1.1377091642799724,0.7724036966912703,0.020031953693532906,-0.3427574862058091,-1.236349960316633,-0.7050282416501834,-2.917314361083432,-2.315946855485303,0.8026693245947429,-0.5114636218711613,-1.2597446256043845,-1.329451714228507,-0.3502020979862374,0.0,0.0,0.0,0.0,1.0,0.0,0.0
16180467304,Walk,-0.22264136386651684,-0.5500470003389273,-0.7374415165316204,-1.6297027774710986,-0.5467572400143649,-0.5743631314090046,-0.8239696890153164,-1.113693899205646,-0.3187734886160476,0.020031953693532906,-0.3427574862058091,-1.236349960316633,-0.7050282416501834,-2.2831854000858307,-2.315946855485303,0.8026693245947429,-0.7281129002729958,-1.2597446256043845,-1.329451714228507,-0.3502020979862374,0.0,0.0,0.0,1.0,0.0,0.0,0.0
16180560256,Ride,-0.6134469856469625,-0.8278967475645749,-1.1021211797092316,-1.4987465600014942,-0.618239070221546,-0.6580196959027313,-1.343992180483391,-1.5753206611899215,0.4943967704983231,5.37307783922556,-0.3427574862058091,-1.236349960316633,-0.7050282416501834,0.1084466746700211,-0.8252224427591307,0.8026693245947429,-0.7822967009235063,-1.2597446256043845,-1.329451714228507,-0.3502020979862374,0.0,0.0,1.0,0.0,0.0,0.0,0.0
16180606538,Walk,-0.6083515818457014,-0.8223024573519779,-0.5617208706100796,-1.3891374375426089,-0.5970862837316658,-0.6352709809965424,-1.0193921539619177,-1.3965403545254913,-0.18672019867439757,2.078895755821235,-0.3427574862058091,-1.236349960316633,-0.7050282416501834,0.27012856207669406,-0.8252224427591307,0.8026693245947429,-0.7786706996747724,-1.2597446256043845,-1.329451714228507,-0.3502020979862374,0.0,0.0,1.0,0.0,0.0,0.0,0.0
16180821872,Run,-0.5159233268460811,-0.6475474869013309,-0.9397637954178294,-1.4174633905376017,-0.3272059043780228,-0.35861725455676235,-1.3771146321692556,-1.2230967734331333,1.363168414851283,0.4318047141190734,-0.3427574862058091,-1.236349960316633,-0.7050282416501834,-0.025938270706954016,-0.8252224427591307,0.8026693245947429,-0.7291439906754794,-1.2597446256043845,-1.329451714228507,-0.3502020979862374,0.0,0.0,1.0,0.0,0.0,0.0,0.0
16180962018,Run,-0.5626114453971713,-0.745314368235763,-0.08713774729674988,-1.3698429478213818,-0.450475591163876,-0.47602997665322083,-1.324118709471872,-1.3431730988047659,0.29284174900843624,-2.038831848434169,-0.3427574862058091,-1.236349960316633,-0.7050282416501834,-0.021738741163923544,-0.6388818911683591,0.8026693245947429,-0.7547708833872059,-1.2597446256043845,-1.329451714228507,-0.3502020979862374,0.0,0.0,1.0,0.0,0.0,0.0,0.0
16289081571,Walk,0.9417176536030585,0.11354237678388014,2.2440645105365693,1.8371475564812838,1.4510869736332792,1.3959691112721875,-1.8408289557713602,-0.8175056299556194,1.5855739558056405,0.4318047141190734,-0.3427574862058091,-1.236349960316633,-0.7050282416501834,2.47068204262466,-2.688627958666846,0.8026693245947429,0.751012059349714,-1.2597446256043845,-1.329451714228507,-0.3502020979862374,0.0,0.0,0.0,0.0,0.0,0.0,1.0
16352734901,Walk,-0.3044048202123348,-0.5801496095781393,0.30539245180161745,-1.4351157960272347,-0.22144197192862214,-0.20598071583136643,-1.3075574836289399,-0.9696023087596872,1.710677072592467,-1.2152863275830885,-0.3427574862058091,-1.236349960316633,-0.7050282416501834,-1.766643266293083,-0.6388818911683591,1.4352365406660963,-0.7118302643337766,-1.2597446256043845,-1.329451714228507,-0.3502020979862374,0.0,0.0,0.0,0.0,0.0,1.0,0.0
14004990872,Walk,0.20110663597789608,0.8650420286760679,-0.5251280139967097,-1.5722298293653163,0.2534016144476526,0.2277125264124267,-1.9170105946488487,-1.1643927921403352,1.9678334793209429,0.020031953693532906,-0.3427574862058091,-1.236349960316633,-0.7050282416501834,-0.483686990897275,-0.07986023639604464,-3.6253011879047303,-0.4010381359751838,-1.2597446256043845,-1.329451714228507,-0.3502020979862374,0.0,0.0,0.0,0.0,1.0,0.0,0.0
14051700236,Walk,0.15216705993322535,0.4119045214557165,-0.6225424445715511,-1.5861875453338634,-0.21341850119108138,-0.24193836197340687,-1.324118709471872,-1.1937447827867342,1.8566307088437644,0.020031953693532906,-0.3427574862058091,-1.236349960316633,-0.7050282416501834,-1.1220154814379064,-0.07986023639604464,-2.9927339718333767,-0.5106043798690917,-1.2597446256043845,-1.329451714228507,-0.3502020979862374,0.0,0.0,0.0,0.0,0.0,1.0,0.0
14071309120,Walk,0.18036952748439153,0.8970094013194789,-1.0684007998948635,-1.628060693239505,-0.33887640726899115,-0.36815703822709966,-1.5228534195870598,-1.2417753129353875,1.4604708390188144,0.020031953693532906,-0.3427574862058091,-1.236349960316633,-0.7050282416501834,-0.6390695839894025,-0.2662007879868161,-2.9927339718333767,-0.43276994311161504,-1.2597446256043845,-1.329451714228507,-0.3502020979862374,0.0,0.0,0.0,0.0,1.0,0.0,0.0
14109673317,Walk,0.602103065360864,1.207625705504623,-0.5247533431098834,-1.6313448617026927,0.3365539475458021,0.31136909090615333,-1.7845207879053901,-1.2657905780097136,1.8566307088437644,0.4318047141190734,-0.3427574862058091,-1.236349960316633,-0.7050282416501834,-1.233303014328214,-0.2662007879868161,-2.9927339718333767,-0.37212034639553065,-1.2597446256043845,-1.329451714228507,-0.3502020979862374,0.0,1.0,0.0,0.0,0.0,0.0,0.0
14119779298,Walk,0.40196034395784014,0.7518242505639872,-0.5226302080845343,-1.6473551829607318,-0.2681239834924955,-0.29697557545612174,-1.5228534195870598,-1.2337702245772784,1.8566307088437644,0.020031953693532906,-0.3427574862058091,-1.236349960316633,-0.7050282416501834,-1.4243816085361,-0.2662007879868161,-2.9927339718333767,-0.4745591778822711,-1.2597446256043845,-1.329451714228507,-0.3502020979862374,0.0,0.0,0.0,0.0,0.0,1.0,0.0
14246117323,Walk,0.1559589883434662,0.30614579696043165,0.3690865025620906,-1.7138595943402801,-0.4665225326389575,-0.496577203020101,-1.2181268640771052,-1.3538465499489107,0.8558057745491541,0.020031953693532906,-0.3427574862058091,-1.236349960316633,-0.7050282416501834,-1.735146794720355,0.10648031519472685,-2.9927339718333767,-0.5930228727076099,-1.2597446256043845,-1.329451714228507,-0.3502020979862374,0.0,1.0,0.0,0.0,0.0,0.0,0.0
15797976654,Run,-0.496963684794877,-0.5897398213711627,-1.0471694496413724,-1.3706639899371789,-0.6620034560626773,-0.6932435125316688,-1.1187595090195115,-1.6020042890502844,-0.9998904577887682,0.020031953693532906,-0.3427574862058091,-1.236349960316633,-0.7050282416501834,0.4570076267415498,-0.6388818911683591,0.17010210852338964,-0.707345021082973,-1.2597446256043845,-1.329451714228507,-0.3502020979862374,0.0,0.0,1.0,0.0,0.0,0.0,0.0
15798912271,Walk,-0.13566400595661776,-0.29270965055946846,-0.11711141824285494,-1.5726403504232147,-0.4796518483912969,-0.496577203020101,-1.1883166575598272,-1.4258923451718901,0.5499981557369124,0.020031953693532906,-0.3427574862058091,-1.236349960316633,-0.7050282416501834,-1.6847524402039893,-0.6388818911683591,0.17010210852338964,-0.6627589535955805,-1.2597446256043845,-1.329451714228507,-0.3502020979862374,0.0,0.0,1.0,0.0,0.0,0.0,0.0
15821084822,Walk,-0.2165979779626955,-0.8017900599057892,-0.33529476467137787,-1.1736138821459243,-0.5518630850291636,-0.6205943907344851,-1.7745840523996308,-1.5539737589016316,1.7593282846762324,3.725986797523397,-0.3427574862058091,-1.236349960316633,-0.7050282416501834,-2.829124240679792,-0.45254133957758763,0.17010210852338964,-0.7664866480854252,-1.2597446256043845,-1.329451714228507,-0.3502020979862374,0.0,1.0,0.0,0.0,0.0,0.0,0.0
15823172080,Run,-0.5310910404870445,-0.6443507496369898,-1.0047067491343902,-1.176898050609112,-0.6620034560626773,-0.6932435125316688,-1.1187595090195115,-1.6340246424827198,-1.375199808149247,0.020031953693532906,-0.3427574862058091,-1.236349960316633,-0.7050282416501834,1.7210660191937206,0.29282086678549835,0.17010210852338964,-0.7065588146510794,-1.2597446256043845,-1.329451714228507,-0.3502020979862374,0.0,1.0,0.0,0.0,0.0,0.0,0.0
15832184034,Run,-0.5306170494357644,-0.6459491182691603,-0.907292318559549,-1.1567825187720882,-0.6620034560626773,-0.6932435125316688,-1.1187595090195115,-1.6340246424827198,-1.396050327613718,0.020031953693532906,-0.3427574862058091,-1.236349960316633,-0.7050282416501834,1.7651610793955412,-0.45254133957758763,0.17010210852338964,-0.7053644682682026,-1.2597446256043845,-1.329451714228507,-0.3502020979862374,0.0,0.0,0.0,0.0,0.0,1.0,0.0
15844261463,Run,-0.4938827429615563,-0.5681618448368602,-0.7624195756533746,-1.249560277857137,-0.6620034560626773,-0.6932435125316688,-1.1253839993566845,-1.6233511913385748,-1.326548596065481,0.020031953693532906,-0.3427574862058091,-1.236349960316633,-0.7050282416501834,1.2507187103743087,-0.2662007879868161,0.17010210852338964,-0.6862377413021329,-1.2597446256043845,-1.329451714228507,-0.3502020979862374,0.0,0.0,0.0,0.0,0.0,0.0,1.0
15899665961,Run,-0.4021654745388562,-0.4925057295807874,-0.9572484368030573,-1.2815809203732158,-0.6620034560626773,-0.6932435125316688,-1.0326411346362636,-1.5646472100457767,-1.396050327613718,0.020031953693532906,-0.3427574862058091,-1.236349960316633,-0.7050282416501834,0.032855142895472596,-0.45254133957758763,0.17010210852338964,-0.6643141816193264,-1.2597446256043845,-1.329451714228507,-0.3502020979862374,0.0,1.0,0.0,0.0,0.0,0.0,0.0
15911397843,Run,-0.3980180528401553,-0.5055590734101802,-0.9572484368030573,-1.2524339252624261,-0.6620034560626773,-0.6932435125316688,-1.122071754188098,-1.6233511913385748,-1.3126482497558336,0.020031953693532906,-0.3427574862058091,-1.236349960316633,-0.7050282416501834,-0.030137800249984487,-0.45254133957758763,0.17010210852338964,-0.6645633617999266,-1.2597446256043845,-1.329451714228507,-0.3502020979862374,0.0,0.0,0.0,0.0,0.0,1.0,0.0
15925116156,Walk,-0.3814283660453517,-0.45734161967303527,-0.3731365242408353,-1.622723919486825,-0.6620034560626773,-0.6932435125316688,-1.0889493025022334,-1.6020042890502844,-0.9998904577887682,0.020031953693532906,-0.3427574862058091,-1.236349960316633,-0.7050282416501834,-1.2417020734142745,0.29282086678549835,0.17010210852338964,-0.7081613009849393,-1.2597446256043845,-1.329451714228507,-0.3502020979862374,0.0,0.0,0.0,0.0,0.0,0.0,1.0
15956143900,Run,-0.4718421590770315,-0.5329977349291081,-0.9422616013300048,-1.1826453454196901,-0.6437682952955393,-0.6726962861647886,-1.1551942058739626,-1.6020042890502844,-1.1666946135045364,0.020031953693532906,-0.3427574862058091,-1.236349960316633,-0.7050282416501834,1.4082010682379507,-0.07986023639604464,0.17010210852338964,-0.6648683927106614,-1.2597446256043845,-1.329451714228507,-0.3502020979862374,0.0,0.0,1.0,0.0,0.0,0.0,0.0
16010788442,Run,-0.5988717608200993,-0.7988597174134765,-0.8823142594377947,-1.2668021622888717,-0.5372749564154531,-0.5662910067648732,-1.2545615609315564,-1.6100093774083932,0.24419053692467052,0.020031953693532906,-0.3427574862058091,-1.236349960316633,-0.7050282416501834,1.0806377638815747,-0.45254133957758763,0.8026693245947429,-0.7680977268393058,-1.2597446256043845,-1.329451714228507,-0.3502020979862374,0.0,0.0,0.0,0.0,1.0,0.0,0.0
16022326257,Run,-0.5251661523460431,-0.631297405807597,-0.9947155254856885,-1.1674560662774476,-0.6620034560626773,-0.6932435125316688,-1.1187595090195115,-1.6020042890502844,-0.5133783369511106,0.020031953693532906,-0.3427574862058091,-1.236349960316633,-0.7050282416501834,1.7651610793955412,-0.07986023639604464,0.8026693245947429,-0.7006944879869543,-1.2597446256043845,-1.329451714228507,-0.3502020979862374,1.0,0.0,0.0,0.0,0.0,0.0,0.0
16065529990,Run,-0.528958080756284,-0.6483466712174162,-0.9722352722761098,-1.1703297136827369,-0.6620034560626773,-0.6932435125316688,-1.1585064510425491,-1.6633766331291189,-1.3821499813040703,0.020031953693532906,-0.3427574862058091,-1.236349960316633,-0.7050282416501834,1.5677831908731086,-0.07986023639604464,0.8026693245947429,-0.7074953884333354,-1.2597446256043845,-1.329451714228507,-0.3502020979862374,0.0,0.0,0.0,0.0,0.0,1.0,0.0
16078214431,Walk,-0.31803206293663777,-0.3270745761511353,-0.20041324541390518,-1.5652509713810425,-0.3760761352339527,-0.41071914998706577,-1.128696244525271,-0.6280518721470438,1.9191822672371774,0.020031953693532906,-0.3427574862058091,-1.236349960316633,-0.7050282416501834,-0.9162385338294132,0.10648031519472685,0.8026693245947429,-0.6689755694805541,-1.2597446256043845,-1.329451714228507,-0.3502020979862374,0.0,0.0,0.0,0.0,0.0,0.0,1.0
16150337536,Run,-0.569958306692013,-0.7314618400902849,-1.0296848082561445,-1.3493168949264596,-0.6620034560626773,-0.6932435125316688,-1.1187595090195115,-1.6020042890502844,-0.763584570524763,0.020031953693532906,-0.3427574862058091,-1.236349960316633,-0.7050282416501834,0.8349652856142918,-0.45254133957758763,0.8026693245947429,-0.7493963246642604,-1.2597446256043845,-1.329451714228507,-0.3502020979862374,0.0,0.0,0.0,0.0,0.0,0.0,1.0
3782851961,Ride,-0.20498519720633296,0.09036603161740714,0.044371757800219444,0.6129021073117996,0.03765709121862791,0.08697796426026386,0.3021936177632299,0.5006655863463008,-0.9164883666744806,-0.15600586004837136,-0.3427574862058091,0.7590363074527335,0.46271801165885945,-0.021738741163923544,0.8518425215578128,-1.095032323619317,0.2512253899900382,0.7938116818876942,0.7521897856819185,-0.3502020979862374,0.0,0.0,1.0,0.0,0.0,0.0,0.0
3787665578,Ride,-0.24562992985360188,-0.07240117409196072,-0.09300761501129556,0.40031811596304745,-0.21197793573332224,-0.2368199134365991,0.3021936177632299,0.5006655863463008,1.119912248381228,0.00899921383295375,-0.3427574862058091,-1.236349960316633,-0.7050282416501834,-0.021738741163923544,0.29282086678549835,-1.095032323619317,0.007827891281705975,-1.2597446256043845,-1.329451714228507,-0.3502020979862374,0.0,0.0,0.0,1.0,0.0,0.0,0.0
3798301327,Ride,0.26888735631095095,0.9974402303741953,0.13179494090542568,0.7774245553397051,0.6489926367143496,0.7005555552644981,0.3021936177632299,0.5006655863463008,-0.4508267785576974,-0.06390925392546641,-0.3427574862058091,-1.236349960316633,-0.7050282416501834,-0.021738741163923544,0.6655019699670414,-1.095032323619317,1.3557465804063142,-1.2597446256043845,-1.329451714228507,-0.3502020979862374,0.0,0.0,0.0,0.0,0.0,1.0,0.0
3803084836,Ride,-0.17725672070644688,0.0951611375139188,0.09432782840186092,0.5008636248898407,0.013649206553118593,0.10538663119342077,0.3021936177632299,0.5006655863463008,-0.4508267785576974,-0.26436696020198175,2.9478103250302867,0.5192644221484912,0.3275095082661682,-0.021738741163923544,0.6655019699670414,-1.095032323619317,0.21379247860573442,0.7938116818876942,0.7521897856819185,2.8554940297339355,0.0,0.0,0.0,0.0,0.0,0.0,1.0
3805754364,Ride,-0.47634507406419246,-0.5657642918886043,-0.14296368561293704,0.5521170953433379,-0.28251758999786386,-0.42520003856889765,1.2064366498690344,0.9382771239722348,-0.9303886997277248,0.8603845547916811,2.866057739520387,0.7461395726572866,-0.334649681894185,-0.021738741163923544,0.10648031519472685,-1.095032323619317,-0.4676079100855279,0.7938116818876942,0.7521897856819185,2.8554940297339355,0.0,0.0,0.0,0.0,1.0,0.0,0.0
3805874038,Ride,-0.5171083044742815,-0.6155801142579199,-0.10549657310937206,0.836965565288788,-0.3676566975075128,-0.23933850532210393,1.2064366498690344,0.9462820901823894,-0.791385236631251,-1.2380488189730174,3.211799253385932,0.8483896152819436,-0.3786057333114945,-0.021738741163923544,0.29282086678549835,-1.095032323619317,-0.49158076194327033,0.7938116818876942,0.7521897856819185,2.8554940297339355,0.0,0.0,0.0,0.0,1.0,0.0,0.0
3816984753,Ride,0.9827178795387874,1.139428643865346,-0.13047472751486053,0.33244141160149976,0.4040031850286967,0.5157185515262971,0.3021936177632299,0.871568054321328,0.6542507265464611,-0.1477693910677381,3.506654923215894,0.5785867055404177,1.5131986630162015,-0.021738741163923544,0.47916141837626985,-1.095032323619317,1.1670184379900133,0.7938116818876942,0.7521897856819185,2.8554940297339355,0.0,0.0,0.0,1.0,0.0,0.0,0.0
3824130231,Ride,-0.44897209085276646,-0.45814080398912055,-0.16794172091375756,0.6770886964778615,-0.42126113069589527,-0.383529017500574,0.6499793604648083,0.5006655863463008,-0.39522538006270475,-0.3331508648724401,3.4166962798683054,0.8347817481548334,-0.18274415803776795,-0.021738741163923544,0.8518425215578128,-1.095032323619317,-0.33308497385047253,0.7938116818876942,0.7521897856819185,2.8554940297339355,0.0,1.0,0.0,0.0,0.0,0.0,0.0
3830252436,Ride,-0.07084572969406355,0.2709816870526795,0.019393722499398924,0.7295266604355698,0.09138281204400985,0.1476339518599137,0.3021936177632299,0.5006655863463008,-0.6454316401491638,-0.13452302740076608,3.1174992119921634,0.8515971341839406,0.7458692547693727,-0.021738741163923544,0.8518425215578128,-1.095032323619317,0.49951192534393557,0.7938116818876942,0.7521897856819185,2.8554940297339355,0.0,0.0,0.0,0.0,0.0,1.0,0.0
3835879286,Ride,-0.08482846570682662,0.27044889750862267,0.9560709395651811,0.6070888692363478,0.005435871553171477,0.014200453650866517,0.3187548436061622,0.5006655863463008,-0.39522538006270475,-0.04999913244141997,2.7025664498692388,0.6945282422728155,0.636100564896362,-0.021738741163923544,0.8518425215578128,-1.095032323619317,0.4438889279040993,0.7938116818876942,0.7521897856819185,2.8554940297339355,0.0,0.0,0.0,0.0,0.0,0.0,1.0
3841048133,Ride,-0.17109483703980555,0.08130860936844068,0.03188268059747543,0.718431454383894,0.15631068016939215,0.23643811719051772,0.3021936177632299,0.5006655863463008,-0.8886877005679925,-0.21861010818881785,3.1899239515601163,0.833413265335934,0.49486230350553206,-0.021738741163923544,1.0381830731485844,-1.095032323619317,0.28098520316757886,0.7938116818876942,0.7521897856819185,2.8554940297339355,0.0,0.0,0.0,0.0,1.0,0.0,0.0
3856153638,Ride,-0.4643768000193699,-0.6089202449572093,-0.20540883341732252,0.47698837795080157,-0.6205940127125766,-0.5649910840378966,0.9480814256375898,0.5006655863463008,-0.9512392324485991,-0.7453931805904724,3.60095192806027,0.5451157640339516,-0.41888752594777195,-0.021738741163923544,1.0381830731485844,-1.095032323619317,-0.5211816489145689,0.7938116818876942,0.7521897856819185,2.8554940297339355,1.0,0.0,0.0,0.0,0.0,0.0,0.0
3856154588,Ride,-0.28544517816113063,-0.1405982357312376,-0.14296368561293704,0.6411590601834555,-0.056070789255187777,-0.154818110084697,0.3021936177632299,0.28185991932329596,-0.26317205035184504,0.23377847634172105,1.7174749065230905,0.747100070949307,0.1775747831501071,-0.021738741163923544,1.0381830731485844,-0.46246510754796366,0.008910502640172997,0.7938116818876942,0.7521897856819185,2.8554940297339355,0.0,0.0,0.0,1.0,0.0,0.0,0.0
3860895165,Ride,-0.5482732160959483,-0.6813796229489409,0.06934979310104018,0.2525555365260449,-0.6620034560626773,-0.5721616428696961,0.9513937466174518,0.5033339084163522,-0.9303886997277248,-1.5918898960626104,1.9404606577384433,0.48251369712089626,-0.5045673594312088,-0.021738741163923544,0.8518425215578128,-0.46246510754796366,-0.612819808435294,0.7938116818876942,0.7521897856819185,2.8554940297339355,0.0,1.0,0.0,0.0,0.0,0.0,0.0
3860895188,Ride,-0.4678132351411506,-0.5004975727416402,-0.09300761501129556,0.808323177330404,-0.5232338854072215,-0.5661075437879226,0.9447692310098537,0.3512373110442542,-0.8678371678471182,0.08947913297954838,1.978186313601966,0.9955584058702038,-0.19960249600031393,-0.021738741163923544,-3.2476496134391604,-0.46246510754796366,-0.36085569213943314,0.7938116818876942,0.7521897856819185,2.8554940297339355,0.0,0.0,0.0,0.0,0.0,1.0,0.0
3870935015,Ride,0.4179575419385436,1.2350643670235506,0.19424008870981116,0.7125849385203549,0.963237301302037,1.037251240235782,0.3021936177632299,0.5006655863463008,1.620324768554146,-0.07704728074439902,-0.3427574862058091,0.8534595009826488,1.9705041460152497,-0.021738741163923544,0.8518425215578128,-0.46246510754796366,1.5750681014345849,0.7938116818876942,0.7521897856819185,-0.3502020979862374,0.0,0.0,0.0,0.0,0.0,0.0,1.0
3875738736,Ride,-0.2241818347831772,0.01577549544944806,0.019393722499398924,0.5813530024398424,0.03825565502847686,0.1330776211341529,0.3021936177632299,0.5006655863463008,-0.07551745471002527,-0.28804226987848197,-0.3427574862058091,0.6423731850160942,0.309355003980676,-0.021738741163923544,0.8518425215578128,-0.46246510754796366,0.15932081510246027,0.7938116818876942,0.7521897856819185,-0.3502020979862374,0.0,0.0,0.0,0.0,1.0,0.0,0.0
3880233408,Ride,-0.6151059543264429,-0.8316262743729728,-0.16794172091375756,1.2604780759047993,-0.6398295008480839,-0.6070919293729949,0.7228487794441356,0.11908962651114353,-1.1388939275134433,-2.72870052558658,-0.3427574862058091,1.315741269006052,-0.640217227720451,-0.021738741163923544,-3.2476496134391604,-0.46246510754796366,-0.7379125532088412,0.7938116818876942,0.7521897856819185,-0.3502020979862374,0.0,0.0,1.0,0.0,0.0,0.0,0.0
3885072936,Ride,2.9972983452420494,4.619876340416723,0.09432782840186092,0.03131227321360302,3.1649348524461294,3.1495646460166125,0.3021936177632299,1.0129911598332964,0.8210548557494228,0.02379456600871096,-0.3427574862058091,0.32649983834946045,4.50787315084911,-0.021738741163923544,-0.6388818911683591,-0.46246510754796366,3.9077812507532994,0.7938116818876942,0.7521897856819185,-0.3502020979862374,0.0,0.0,1.0,0.0,0.0,0.0,0.0
3894882831,Ride,-0.4713681680257514,-0.5282026290325964,-0.2553650231236315,0.2852525293353173,-0.30537695670227527,-0.4320537963829441,1.2064366498690344,0.9462820901823894,-0.8261361024053695,0.7331558466576075,-0.3427574862058091,0.5713917552431554,-0.3260674151340588,-0.021738741163923544,1.0381830731485844,-0.46246510754796366,-0.46396901181572786,0.7938116818876942,0.7521897856819185,-0.3502020979862374,0.0,1.0,0.0,0.0,0.0,0.0,0.0
3895472472,Ride,0.9962266245002704,2.149064829853078,0.2067291659125554,-0.086536706760083,1.046705677872564,1.0272947807866122,0.3021936177632299,0.5060022304864035,0.7307026577623281,0.018586056324255158,2.1362115974496674,0.622043950818986,2.7055929114733313,-0.021738741163923544,0.8518425215578128,-0.46246510754796366,1.6531043929342666,0.7938116818876942,0.7521897856819185,2.8554940297339355,0.0,0.0,0.0,0.0,0.0,0.0,1.0
3900063566,Ride,-0.18934349251408955,-0.36543542332322854,-0.18043079811650178,0.7354481491981526,-0.059967018948639934,-0.07067825677848516,1.2064366498690344,0.9436137681123377,0.2650410033635285,-0.050689796146134884,-0.3427574862058091,0.9210420696859527,-0.039551757125125035,-0.021738741163923544,1.0381830731485844,-0.46246510754796366,-0.21857381740775958,0.7938116818876942,0.7521897856819185,-0.3502020979862374,0.0,0.0,0.0,0.0,0.0,1.0,0.0
3904805292,Ride,-0.11137196457851244,0.1383170905825237,0.08183887030378442,0.3555332602586263,0.029905033219409575,0.040285967584691246,0.3021936177632299,0.3485689889742028,-0.7427340378038887,-0.07065905756598125,-0.3427574862058091,0.535954822201113,0.3837672936844551,-0.021738741163923544,0.8518425215578128,-0.46246510754796366,0.20092532962474174,0.7938116818876942,0.7521897856819185,-0.3502020979862374,0.0,0.0,0.0,0.0,0.0,0.0,1.0
3908108890,Ride,0.23321952970212312,0.4798351883229649,-0.16794172091375756,0.435866232204618,0.0877434038439059,0.04784081945985141,1.2064366498690344,1.0316698214835045,-0.18672025170001066,0.04321858940418811,-0.3427574862058091,0.81554799710435,0.9810293771395645,-0.021738741163923544,-0.45254133957758763,-0.46246510754796366,0.579434353730582,0.7938116818876942,0.7521897856819185,-0.3502020979862374,0.0,0.0,0.0,0.0,1.0,0.0,0.0
3913839801,Ride,-0.24089001934080084,-0.20346740192994595,-0.18043079811650178,0.3697526633566102,0.04992297477980944,0.02226618460829166,1.1666895562234458,0.9436137681123377,1.015659651058873,0.022702196222281406,-0.3427574862058091,0.5724304265822866,0.03080051838354938,-0.021738741163923544,1.0381830731485844,-0.46246510754796366,-0.13139511548674052,0.7938116818876942,0.7521897856819185,-0.3502020979862374,1.0,0.0,0.0,0.0,0.0,0.0,0.0
3917858188,Ride,0.20951997713811793,0.38206830698853284,-0.005584431906089549,0.48071411995471025,0.2154040536796932,0.19095218705633157,0.8851488432457226,0.9462820901823894,1.5577733692375721,0.017302432932659786,-0.3427574862058091,0.7017601581194868,0.7724763564358303,-0.021738741163923544,-0.2662007879868161,-0.46246510754796366,0.5023388650948852,0.7938116818876942,0.7521897856819185,-0.3502020979862374,0.0,0.0,1.0,0.0,0.0,0.0,0.0
3923889945,Run,-0.46354731567962965,-0.49570246684512853,-0.642524868048021,-0.7816201435022768,-0.5356106501873621,-0.5279249310634889,1.938442781585792,1.298506100087132,0.3484431342470257,-0.433856411646869,-0.3427574862058091,-1.236349960316633,-0.1674302922703305,-0.021738741163923544,0.8518425215578128,-0.46246510754796366,-0.5912313531332947,-1.2597446256043845,0.7521897856819185,-0.3502020979862374,0.0,0.0,0.0,1.0,0.0,0.0,0.0
3933030927,Ride,-0.5045475416153586,-0.6131825613096641,0.18175101150706693,0.46277934969263307,-0.6176022857807326,-0.5473046181701289,0.9513937466174518,0.5006655863463008,-0.9720897651694734,-0.8947387738007333,-0.3427574862058091,0.6861897839143272,-0.40120372150863315,-0.021738741163923544,0.47916141837626985,-0.46246510754796366,-0.5270287949341702,0.7938116818876942,0.7521897856819185,-0.3502020979862374,0.0,0.0,0.0,0.0,0.0,1.0,0.0
3933278894,Ride,-0.28141625422524974,-0.1882828999243257,-0.13047472751486053,0.48135364074106923,0.08938216426343301,0.02747463184370128,0.7228487794441356,0.7274764231593842,1.7176272987729035,0.14004222941433342,-0.3427574862058091,0.6493448270353699,0.07947598575578721,-0.021738741163923544,0.6655019699670414,-0.46246510754796366,-0.08634075271718468,0.7938116818876942,0.7521897856819185,-0.3502020979862374,0.0,0.0,0.0,0.0,0.0,1.0,0.0
3938286537,Ride,-0.20439270839223284,0.010980389552936405,0.16926205340899042,0.949232489938381,-0.16707599484207664,0.002085313130475568,0.48105490740774914,0.5006655863463008,-0.15891945302948984,-0.4222730128449026,-0.3427574862058091,1.0545263350815255,0.5252197952630917,-0.021738741163923544,0.8518425215578128,-0.46246510754796366,0.2819990919479506,0.7938116818876942,0.7521897856819185,-0.3502020979862374,0.0,0.0,0.0,0.0,0.0,0.0,1.0
3942760188,Ride,-0.12179976770667474,0.1897312815840098,-0.005584431906089549,0.6051990823763816,0.04327872728288436,0.14033266396980312,0.365126326507223,0.5033339084163522,-0.6106807743750453,-0.2400198316799266,-0.3427574862058091,0.7470388656953678,0.5753625485830461,-0.021738741163923544,0.47916141837626985,-0.46246510754796366,0.35575645896974767,0.7938116818876942,0.7521897856819185,-0.3502020979862374,0.0,0.0,0.0,0.0,1.0,0.0,0.0
3951678644,Ride,-0.4765820695898325,-0.5700266082410592,-0.030562467206910065,0.552626049749378,-0.28106834325018876,-0.3965903060813196,1.2064366498690344,0.9436137681123377,-0.791385236631251,0.6686487816229953,-0.3427574862058091,0.9251187334935214,-0.30680588599630804,-0.021738741163923544,0.6655019699670414,-0.46246510754796366,-0.472067367685234,0.7938116818876942,0.7521897856819185,-0.3502020979862374,0.0,0.0,1.0,0.0,0.0,0.0,0.0
3956349949,Ride,-0.5117759051473803,-0.6054571129208397,-0.06802957971047505,0.5906341775373742,-0.41659118103868,-0.33113183116138395,1.2064366498690344,0.9409454460422862,-0.6593319732024078,-0.9434878243628896,-0.3427574862058091,0.6211372343713925,-0.4027709627676079,-0.021738741163923544,0.10648031519472685,-0.46246510754796366,-0.5056465493216324,0.7938116818876942,0.7521897856819185,-0.3502020979862374,0.0,0.0,0.0,1.0,0.0,0.0,0.0
3960854194,Run,-0.44837960203866634,-0.5473830526186431,-0.36776624152965826,-0.7915770534496743,-0.5447578916448108,-0.5341925216149004,0.8420896813245238,0.5006655863463008,-0.7844351032456373,-0.5504032983108937,-0.3427574862058091,-1.236349960316633,-0.2449128012268615,-0.021738741163923544,0.47916141837626985,-0.46246510754796366,-0.6202350711086725,-1.2597446256043845,0.7521897856819185,-0.3502020979862374,0.0,1.0,0.0,0.0,0.0,0.0,0.0
3966324527,Ride,-0.1622075048283036,0.1814730436511286,0.006904645296654689,0.6904503156499731,0.07768690856634543,0.06193973844839537,0.3021936177632299,0.5006655863463008,-0.7496842374715189,-0.0025314325938830718,-0.3427574862058091,0.8301725683383608,0.618667813561995,-0.021738741163923544,0.8518425215578128,-0.46246510754796366,0.3821566694833368,0.7938116818876942,0.7521897856819185,-0.3502020979862374,0.0,0.0,0.0,0.0,0.0,1.0,0.0
3970875968,Ride,0.07289205660662797,0.5634831467398904,0.2691743137169409,0.5951376410240513,0.39446100052936456,0.4327371200382929,0.3021936177632299,0.5006655863463008,-0.575929908600927,-0.07824071179253535,-0.3427574862058091,0.7809102168210472,1.0550246149553852,-0.021738741163923544,0.8518425215578128,-0.46246510754796366,0.7542298535191831,0.7938116818876942,0.7521897856819185,-0.3502020979862374,0.0,0.0,0.0,0.0,0.0,0.0,1.0
3977978983,Ride,-0.5177007932883816,-0.6328957744397675,-0.16794172091375756,0.8628905282223066,-0.36031444091176495,-0.27378001351220344,1.2064366498690344,0.9462820901823894,-0.49252784399944616,-0.9625263322830353,-0.3427574862058091,1.0045301265095512,-0.3777182233336524,-0.021738741163923544,-0.45254133957758763,-0.46246510754796366,-0.5094315145362667,0.7938116818876942,0.7521897856819185,-0.3502020979862374,1.0,0.0,0.0,0.0,0.0,0.0,0.0
3979305884,Ride,-0.16066703391164325,0.07917745119221328,-0.08051853780855155,1.0663695209986948,-0.015542799424598606,0.08555730051095173,0.48105490740774914,0.5033339084163522,-0.7844351032456373,-0.23737658132480327,-0.3427574862058091,1.2560696308725796,0.7366621134688571,-0.021738741163923544,0.6655019699670414,-0.46246510754796366,0.4087974509754351,0.7938116818876942,0.7521897856819185,-0.3502020979862374,1.0,0.0,0.0,0.0,0.0,0.0,0.0
3987313479,Ride,-0.49044630783977555,-0.5513789741990694,0.056860715898295944,0.6448525031577501,-0.5959444186437054,-0.5079035098460881,0.8884610378734586,0.5006655863463008,-1.111093228265947,-0.7911752204414391,-0.3427574862058091,0.45933917610636854,-0.37341985923736154,-0.021738741163923544,-0.45254133957758763,-0.46246510754796366,-0.44061911040948576,0.7938116818876942,0.7521897856819185,-0.3502020979862374,0.0,0.0,0.0,1.0,0.0,0.0,0.0
3993269374,Ride,-0.4892613302115753,-0.5524445532871831,0.044371757800219444,0.44378458400412996,-0.2834785698370586,-0.42396536279890423,1.2064366498690344,0.9409454460422862,-1.0485416632443323,0.8429494782417105,-0.3427574862058091,0.5210689166526328,-0.3624850822492077,-0.021738741163923544,0.6655019699670414,-0.46246510754796366,-0.4671439277954454,0.7938116818876942,0.7521897856819185,-0.3502020979862374,0.0,1.0,0.0,0.0,0.0,0.0,0.0
3993416482,Run,-0.4106973134618981,-0.4261734313457095,-0.5051455547888396,-0.8746078752510682,-0.44757637422769936,-0.3689092257951148,1.2064366498690344,0.9302719541821562,1.0643109161682516,-1.1506983792164631,-0.3427574862058091,-1.236349960316633,-0.10934957515965256,-0.021738741163923544,0.8518425215578128,-0.46246510754796366,-0.5702658482827959,-1.2597446256043845,0.7521897856819185,-0.3502020979862374,0.0,1.0,0.0,0.0,0.0,0.0,0.0
4012881301,Ride,4.006306795654571,6.692960456341928,0.5189549049344827,0.24517608914185163,6.351903159761423,6.323568093026214,0.28232019729256147,3.4838952625668265,0.7029019916558399,0.03346462318347162,-0.3427574862058091,0.2825208334308736,6.273102233247887,-0.021738741163923544,-0.45254133957758763,0.17010210852338964,6.317813425884811,0.7938116818876942,0.7521897856819185,-0.3502020979862374,1.0,0.0,0.0,0.0,0.0,0.0,0.0
4026640747,Ride,-0.5463772518908279,-0.6805804386328557,-0.10549657310937206,1.062689389139635,-0.45903772202838067,-0.3738357797506115,1.2064366498690344,0.9409454460422862,-0.29097284902236586,-1.121902268600693,-0.3427574862058091,1.266811910429726,-0.41188461024796247,-0.021738741163923544,0.10648031519472685,0.17010210852338964,-0.5506837314466644,0.7938116818876942,0.7521897856819185,-0.3502020979862374,0.0,1.0,0.0,0.0,0.0,0.0,0.0
4027396204,Ride,-0.3551218626993059,-0.29697196691192324,0.11930586370268144,0.9301911353465557,-0.09420919838710475,0.006413984596163214,0.3021936177632299,0.495328942206198,1.4952217047929328,-0.4241563943002764,-0.3427574862058091,1.2343552490597072,0.15980251782094765,-0.021738741163923544,0.6655019699670414,0.17010210852338964,-0.09693518982063278,0.7938116818876942,0.7521897856819185,-0.3502020979862374,0.0,1.0,0.0,0.0,0.0,0.0,0.0
4032054640,Ride,-0.5278916008909038,-0.6355597221600517,-0.16794172091375756,0.6189811761885603,-0.4769669368875978,-0.45791835861286095,0.7957181984234629,0.5006655863463008,-1.1597444270933095,-0.4384361189255738,-0.3427574862058091,0.7657425247074001,-0.41583473513869373,-0.021738741163923544,0.6655019699670414,0.17010210852338964,-0.5353763225932414,0.7938116818876942,0.7521897856819185,-0.3502020979862374,0.0,0.0,0.0,0.0,0.0,1.0,0.0
4046080243,Ride,0.13865831497174239,0.6836271889247103,0.06934979310104018,0.8215998402670459,0.2071237169293689,0.3022358158210774,0.2756956816849634,0.5033339084163522,-0.17281985236475025,-0.14069426241862582,-0.3427574862058091,0.9344528377156,1.347351966626859,-0.021738741163923544,0.8518425215578128,0.17010210852338964,1.022197394058767,0.7938116818876942,0.7521897856819185,-0.3502020979862374,1.0,0.0,0.0,0.0,0.0,0.0,0.0
4056489787,Ride,0.4488854580345704,1.1061292973617929,0.29415234901776144,0.6225340694461099,0.9083169014259076,0.7926690973132043,0.28232019729256147,0.9436137681123377,-0.7218835050830142,0.12515333340364282,-0.3427574862058091,0.8219344017573674,1.7690053153607457,-0.021738741163923544,0.6655019699670414,0.17010210852338964,1.3601760400552645,0.7938116818876942,0.7521897856819185,-0.3502020979862374,0.0,0.0,0.0,1.0,0.0,0.0,0.0
4070790984,Ride,0.1693492355421291,0.43188412935784837,0.5814000527388682,0.42291079779886537,0.20534472028812173,0.20504825072068972,0.3021936177632299,0.5060022304864035,0.5221974631176177,-0.026944959140255638,-0.3427574862058091,0.6324396026013464,0.7761572085751248,-0.021738741163923544,0.6655019699670414,0.17010210852338964,0.5241292087032301,0.7938116818876942,0.7521897856819185,-0.3502020979862374,0.0,0.0,0.0,0.0,0.0,0.0,1.0
4075261924,Ride,-0.17322779677056602,-0.2753939903776208,0.2691743137169409,0.34709871124037284,-0.3767416395799553,-0.46789355962617213,0.9480814256375898,0.6767774895087101,0.8488556544199437,0.27359032368532754,-0.3427574862058091,0.553205916919156,-0.05517608215527848,-0.021738741163923544,0.6655019699670414,0.17010210852338964,-0.20784185123776927,0.7938116818876942,0.7521897856819185,-0.3502020979862374,0.0,0.0,0.0,0.0,1.0,0.0,0.0
4083392038,Ride,-0.25001434707794284,-0.03350753737581062,-0.1179856503121163,0.5677459106426638,-0.14315236320818794,-0.16684316792636308,0.6201692297588057,0.5006655863463008,1.0017595168516777,0.008184309814400607,-0.3427574862058091,0.8195808779456105,0.34351273161780144,-0.021738741163923544,-0.2662007879868161,0.17010210852338964,0.10200081470853659,0.7938116818876942,0.7521897856819185,-0.3502020979862374,0.0,0.0,1.0,0.0,0.0,0.0,0.0
4090115332,Ride,-0.4463651400707259,-0.4749236746269113,-0.18043079811650178,0.9026974183322656,-0.509557514831868,-0.469425511035295,0.8917733588533207,0.5006655863463008,-0.4438765788900671,-0.3356184446316347,-0.3427574862058091,1.025033583582972,-0.15781225288290157,-0.021738741163923544,0.8518425215578128,0.17010210852338964,-0.3163855971492143,0.7938116818876942,0.7521897856819185,-0.3502020979862374,0.0,0.0,0.0,1.0,0.0,0.0,0.0
4094497646,Ride,-0.2653005584817262,-0.11129481080811081,-0.08051853780855155,0.974656524285339,-0.15807650226108289,-0.11801466093207102,0.3021936177632299,0.5006655863463008,-0.7496842374715189,-0.15597166778865024,-0.3427574862058091,1.1629831055493678,0.4053254653278901,-0.021738741163923544,0.8518425215578128,0.17010210852338964,0.14086431368007515,0.7938116818876942,0.7521897856819185,-0.3502020979862374,0.0,1.0,0.0,0.0,0.0,0.0,0.0
4103737451,Ride,-0.18567006186666873,0.1068825074831695,-0.01807339000416605,0.755248237358367,0.029370020903689162,0.11679980985809245,0.3021936177632299,0.5006655863463008,-0.8608869681794878,-0.22684464436338303,-0.3427574862058091,0.924628485469392,0.5812981534251976,-0.021738741163923544,0.6655019699670414,0.17010210852338964,0.3239558621269399,0.7938116818876942,0.7521897856819185,-0.3502020979862374,0.0,0.0,0.0,0.0,0.0,0.0,1.0
4108250592,Ride,-0.25499125311638393,-0.0849217283772967,0.10681690560460494,0.8950627107382737,-0.1689056323411671,-0.12157110717236898,0.3021936177632299,0.5033339084163522,-0.7566343708571327,-0.17330622308337104,-0.3427574862058091,1.048449592653885,0.3889099373062475,-0.021738741163923544,0.8518425215578128,0.17010210852338964,0.14855452959859836,0.7938116818876942,0.7521897856819185,-0.3502020979862374,0.0,0.0,0.0,0.0,1.0,0.0,0.0
4111940232,Ride,-0.3004943940392739,-0.22957408958873163,0.2691743137169409,0.5788671516697255,-0.13352102853933384,-0.12706643050832925,0.7228487794441356,0.4553035004156539,-0.6732323062556519,-0.10054121344515171,-0.3427574862058091,0.8518481666239848,0.11136858713972275,-0.021738741163923544,0.8518425215578128,0.17010210852338964,-0.10431611218255149,0.7938116818876942,0.7521897856819185,-0.3502020979862374,1.0,0.0,0.0,0.0,0.0,0.0,0.0
4116669499,Ride,-0.28793363118035115,-0.13926626187109548,0.15677297620624642,0.986011101332401,0.010467569448200431,0.11979767630619777,0.3021936177632299,0.5033339084163522,-0.4508267785576974,-0.34406210735477616,-0.3427574862058091,1.250477228041089,0.40357910450278656,-0.021738741163923544,0.8518425215578128,0.17010210852338964,0.1098327552111901,0.7938116818876942,0.7521897856819185,-0.3502020979862374,0.0,0.0,1.0,0.0,0.0,0.0,0.0
4121822820,Ride,-0.4122377843785584,-0.3774231880645077,-0.10549657310937206,0.7602083895486178,-0.3633983578558338,-0.38989235938902045,0.7228487794441356,0.5033339084163522,-0.08941772148125304,0.007542542460011886,-0.3427574862058091,0.9737975141242635,-0.039366088156455585,-0.021738741163923544,0.8518425215578128,0.17010210852338964,-0.22732516363469796,0.7938116818876942,0.7521897856819185,-0.3502020979862374,0.0,0.0,0.0,1.0,0.0,0.0,0.0
4130282530,Ride,-0.2999019052251738,-0.12541373372561734,0.08183887030378442,0.7194209792002529,-0.25875948718996966,-0.253798118939414,0.365126326507223,0.5033339084163522,-0.4508267785576974,-0.07656374175340476,-0.3427574862058091,0.9506940457436408,0.2883337954341316,-0.021738741163923544,0.6655019699670414,0.17010210852338964,0.0485430399856343,0.7938116818876942,0.7521897856819185,-0.3502020979862374,0.0,0.0,0.0,0.0,0.0,1.0,0.0
4142641029,Ride,-0.1841295909500084,-0.010064797437309194,0.056860715898295944,0.3885129185149456,0.1662615530863081,0.24204636579868924,1.1666895562234458,0.9409454460422862,1.1824639128258672,-0.26585850357646146,-0.3427574862058091,0.5921544256568995,0.2535509295222863,-0.021738741163923544,0.29282086678549835,0.8026693245947429,0.06621338532233673,0.7938116818876942,0.7521897856819185,-0.3502020979862374,1.0,0.0,0.0,0.0,0.0,0.0,0.0
4152039751,Ride,-0.37953240184023124,-0.3483861579134093,-0.005584431906089549,0.6081408388432938,-0.34660985614418444,-0.14844995333585878,0.365126326507223,0.5006655863463008,-0.763584570524763,-0.9448318915664594,-0.3427574862058091,1.0057683209165993,0.009795309719721826,-0.021738741163923544,0.29282086678549835,0.8026693245947429,-0.2255250768134676,0.7938116818876942,0.7521897856819185,-0.3502020979862374,0.0,0.0,0.0,1.0,0.0,0.0,0.0
4160975219,Ride,-0.4063128962375571,-0.47385809553879765,-0.05554050250773081,0.02124867859263175,-0.5213131082763367,-0.46217283363977907,0.8420896813245238,0.5006655863463008,-0.7079831720297703,-0.6139523051251664,-0.3427574862058091,0.6510103977329209,-0.24709827971224146,-0.021738741163923544,0.6655019699670414,0.8026693245947429,-0.45347767955701046,0.7938116818876942,0.7521897856819185,-0.3502020979862374,0.0,0.0,0.0,0.0,0.0,1.0,0.0
4160975276,Ride,-0.1234587363861551,-0.15738110636902838,-0.14296368561293704,0.6206080685226372,-0.3377276166263509,-0.41103105216430397,0.9447692310098537,0.32722200525394285,-1.111093228265947,0.15634969770058355,-0.3427574862058091,0.7991227188200304,0.17998039189000806,-0.021738741163923544,0.6655019699670414,0.8026693245947429,-0.015255678668035129,0.7938116818876942,0.7521897856819185,-0.3502020979862374,0.0,0.0,0.0,0.0,0.0,1.0,0.0
4169672974,Ride,-0.48760236153209496,-0.5782848461739404,-0.13047472751486053,0.6103461774350049,-0.2855507269608536,-0.40843816586321935,1.2064366498690344,0.9409454460422862,-0.9095382332888668,0.7281631324696476,-0.3427574862058091,0.9254518779326624,-0.3175845322608081,-0.021738741163923544,0.8518425215578128,0.8026693245947429,-0.47413384889572907,0.7938116818876942,0.7521897856819185,-0.3502020979862374,0.0,0.0,0.0,0.0,1.0,0.0,0.0
4172975547,Ride,-0.5034810617499784,-0.5902726109152195,0.06934979310104018,0.7624250817386173,-0.33362698707481253,-0.2505998759175634,1.2064366498690344,0.9462820901823894,-0.6315313070959198,-0.8161270104680636,-0.3427574862058091,0.9973051795779322,-0.32096538659916285,-0.021738741163923544,0.10648031519472685,0.8026693245947429,-0.47020281673626046,0.7938116818876942,0.7521897856819185,-0.3502020979862374,1.0,0.0,0.0,0.0,0.0,0.0,0.0
4178117394,Ride,-0.30203486495593423,-0.1912132424166384,-0.06802957971047505,0.8273449567527663,-0.07055902738556993,-0.013088383473656446,0.3021936177632299,0.5006655863463008,0.28589160236641914,-0.23736068936380236,-0.3427574862058091,1.1971077615873909,0.3030316217612513,-0.021738741163923544,0.47916141837626985,0.8026693245947429,0.003364112298883925,0.7938116818876942,0.7521897856819185,-0.3502020979862374,0.0,0.0,1.0,0.0,0.0,0.0,0.0
4178149363,Ride,-0.4977931691346172,-0.5678954500648318,-0.4302113893340438,0.4118907603979278,-0.49153074675968456,-0.6274085197281037,0.9480814256375898,0.5006655863463008,0.05653580871881811,0.8492669315725629,-0.3427574862058091,0.5930202376030979,-0.365623454848532,-0.021738741163923544,0.6655019699670414,0.8026693245947429,-0.48670026317599724,0.7938116818876942,0.7521897856819185,-0.3502020979862374,0.0,0.0,1.0,0.0,0.0,0.0,0.0
4183137165,Ride,-0.13803396121301828,-0.06361014661502268,-0.05554050250773081,-0.122947304968197,-0.21055409288851024,-0.2023651363870479,0.7195365848163995,0.5033339084163522,-0.33267378190008184,-0.11730528415529415,-0.3427574862058091,0.19706905754399912,-0.00017340841582378218,-0.021738741163923544,0.47916141837626985,0.8026693245947429,-0.14984733748118562,0.7938116818876942,0.7521897856819185,-0.3502020979862374,0.0,0.0,0.0,1.0,0.0,0.0,0.0
4195327404,Ride,-0.3715930517312895,-0.30682857347697495,-0.14296368561293704,0.5631112935205841,-0.3659263105248658,-0.4041769024430163,0.9447692310098537,0.5033339084163522,0.35539333391465594,0.05521718486196659,-0.3427574862058091,0.7798104917261296,-0.011370073594160528,-0.021738741163923544,0.10648031519472685,0.8026693245947429,-0.19056252814028984,0.7938116818876942,0.7521897856819185,-0.3502020979862374,0.0,0.0,0.0,0.0,0.0,0.0,1.0
4204047212,Ride,-0.2069996591742734,0.021636180434073417,-0.05554050250773081,0.6491948629997459,0.024848181843341862,0.007312963820703367,0.3021936177632299,0.5113390782064308,-0.13111878692300163,-0.003354924944159747,-0.3427574862058091,0.7620067317447919,0.38106032451624033,-0.021738741163923544,0.8518425215578128,0.8026693245947429,0.18945872832505226,0.7938116818876942,0.7521897856819185,-0.3502020979862374,1.0,0.0,0.0,0.0,0.0,0.0,0.0
4208639273,Ride,0.24613578584950596,0.9700015688552674,-0.04305142530498657,0.834241093202916,0.4138522197369827,0.42142152627667745,0.2856323919202976,0.5033339084163522,-0.6662821728700381,-0.016016670382183323,-0.3427574862058091,0.948712449898273,1.7407831046543283,-0.021738741163923544,0.47916141837626985,0.8026693245947429,1.365365727491202,0.7938116818876942,0.7521897856819185,-0.3502020979862374,0.0,0.0,1.0,0.0,0.0,0.0,0.0
4221750699,Ride,-0.49708218255769704,-0.5740225298214855,-0.2553650231236315,0.5364297502873173,-0.3025875636484654,-0.33238198726740437,0.7228487794441356,0.5086707561363794,-0.9859900982227174,0.02563567667900298,-0.3427574862058091,0.8165344015805877,-0.3317920325118132,-0.021738741163923544,0.47916141837626985,0.8026693245947429,-0.4782109480000318,0.7938116818876942,0.7521897856819185,-0.3502020979862374,0.0,0.0,0.0,0.0,0.0,1.0,0.0
4229572624,Ride,-0.4937642451987363,-0.5588380278158653,-0.10549657310937206,0.507390965147306,-0.28294483745510784,-0.3999458438737592,1.2064366498690344,0.9409454460422862,-1.0902426955450726,0.6670241200655375,-0.3427574862058091,0.3118842055064952,-0.4092682118444123,-0.021738741163923544,-0.07986023639604464,0.8026693245947429,-0.4657906216421857,0.7938116818876942,0.7521897856819185,-0.3502020979862374,0.0,0.0,0.0,0.0,1.0,0.0,0.0
4234471762,Ride,0.07561750515148856,0.6386064724519064,0.056860715898295944,0.7081237573997181,0.3470125201047797,0.41728892040508203,0.2955692285077577,0.9436137681123377,-0.3813250470094606,-0.11555341021117575,-0.3427574862058091,0.9207775539102638,1.2754549991444672,-0.021738741163923544,0.6655019699670414,0.8026693245947429,0.902281613814071,0.7938116818876942,0.7521897856819185,-0.3502020979862374,1.0,0.0,0.0,0.0,0.0,0.0,0.0
4263892630,Ride,-0.4140152508208588,-0.5226083388199995,0.24419615931145242,0.3339915692712813,-0.20588998640719988,-0.22555823491402158,0.8056549086587972,0.5086707561363794,-0.5689797089332967,-0.04204044297409236,-0.3427574862058091,0.6048030064772154,-0.3128092705613971,-0.021738741163923544,0.6655019699670414,0.8026693245947429,-0.45190526249770546,0.7938116818876942,0.7521897856819185,-0.3502020979862374,1.0,0.0,0.0,0.0,0.0,0.0,0.0
4298699425,Ride,-0.05958844222616109,0.3402443277800701,-0.030562467206910065,0.6410917216005024,0.23399503603479851,0.2742329237031071,0.2955692285077577,0.5006655863463008,-0.5064281770526902,-0.09972125882026683,-0.3427574862058091,0.7984118894846738,0.7944848104928661,-0.021738741163923544,0.29282086678549835,1.4352365406660963,0.5356258499088513,0.7938116818876942,0.7521897856819185,-0.3502020979862374,1.0,0.0,0.0,0.0,0.0,0.0,0.0
4304134626,Ride,-0.13412353503995744,0.1593622775727693,0.019393722499398924,0.585385291597543,0.0326044135396353,0.1185861790501834,0.308818133370828,0.5113390782064308,-0.7357839044182749,-0.225674897859441,-0.3427574862058091,0.7868853039878129,0.5637775785587752,-0.021738741163923544,0.29282086678549835,1.4352365406660963,0.3148780207212854,0.7938116818876942,0.7521897856819185,-0.3502020979862374,0.0,0.0,1.0,0.0,0.0,0.0,0.0
4319510717,Ride,0.6220106895146283,1.178855070125553,0.019393722499398924,0.4186798206711145,0.9464927625329111,0.925006542942142,0.31213045435069,1.0156596854832713,0.09128667449293651,0.020031953693532906,-0.3427574862058091,0.6098763766354469,1.5956409597920473,-0.021738741163923544,0.10648031519472685,1.4352365406660963,1.2749563511617181,0.7938116818876942,0.7521897856819185,-0.3502020979862374,0.0,0.0,0.0,0.0,0.0,1.0,0.0
4444304402,Ride,-0.2707514555714474,-0.15924586977322736,-0.28034305842445206,0.057377785863866604,-0.41573279067358876,-0.5570215663081833,0.8685876174027902,0.5113390782064308,-0.9234385663421109,0.45472322897785583,-0.3427574862058091,0.22571357088213842,-0.07098919701034558,-0.021738741163923544,-2.502287407076074,2.0678037567374496,-0.1753109826035541,0.7938116818876942,0.7521897856819185,-0.3502020979862374,0.0,0.0,0.0,0.0,0.0,1.0,0.0
