Activity ID,Activity Type,Max Heart Rate,Elapsed Time,Moving Time,Max Speed,Average Speed,Elevation Gain,Elevation Loss,Elevation Low,Elevation High,Max Grade,Average Grade,Max Heart Rate.1,Calories,Average Elapsed Speed,Hour_of_Day,Month,Distance_km,Day_of_Week_Friday,Day_of_Week_Monday,Day_of_Week_Saturday,Day_of_Week_Sunday,Day_of_Week_Thursday,Day_of_Week_Tuesday,Day_of_Week_Wednesday
10217018069,Walk,-1.7498969237301936,-0.0064663958410369786,0.2367533532750133,-0.25006111129671305,-0.41319178546079544,-0.30842019569948054,-0.32199022689052426,0.5239178796389429,0.06323077129183655,-0.8987355610533637,0.12947944326782596,-0.025158392950893445,-0.14698906929252809,-0.3896709646882065,0.05897479113643388,1.3464851560971522,-0.08016053854551217,0.0,0.0,0.0,0.0,0.0,1.0,0.0
10223140218,Walk,-1.7498969237301936,0.16586002609487832,0.8330639553662466,0.33261545836913947,-0.4421062250404457,-0.20537466633223325,-0.2227514458530131,0.45157141462931943,0.0820131621421332,-0.2992461887002941,0.12947944326782596,-0.025158392950893445,-0.14698906929252809,-0.2588875169171551,0.05897479113643388,1.3464851560971522,0.03361693393258447,0.0,0.0,0.0,0.0,0.0,0.0,1.0
10228948659,Walk,-1.7498969237301936,0.07629563574660655,0.3344875383353705,-0.08239835252145562,-0.5045987234867866,-0.36923395073588877,-0.3374962864276354,0.5370717823679653,0.10455203116248922,1.4921691122135847,0.0788020382183285,-0.025158392950893445,-0.14698906929252809,-0.6360745619380134,0.27984116578464635,1.3464851560971522,-0.08646426136521451,0.0,0.0,0.0,0.0,1.0,0.0,0.0
10246315882,Walk,-1.7498969237301936,0.3248084758015581,1.0734372213255032,1.8421091919482708,-0.3357757052959253,-0.06854371750031471,-0.139018724352613,0.3003015332455617,0.11957794384272648,-0.31335182099095454,0.18015684831732343,-0.025158392950893445,-0.14698906929252809,-0.21339762204026763,0.05897479113643388,1.3464851560971522,0.13110191509723196,0.0,0.0,0.0,1.0,0.0,0.0,0.0
10251396408,Walk,-1.7498969237301936,0.22322658497617642,0.8957987363171515,1.034471864977236,-0.38334462202373704,-0.21213175022516748,-0.22585265776043534,0.46472531735834205,0.06698724946189592,-0.7153623412747776,0.12947944326782596,-0.025158392950893445,-0.14698906929252809,-0.23045633261910042,0.05897479113643388,1.3464851560971522,0.07110181245573954,0.0,1.0,0.0,0.0,0.0,0.0,0.0
10257019869,Walk,-1.7498969237301936,0.36743659070149504,0.9268359437349676,-0.28637922728798854,-0.4607607021886072,-0.24760644066307233,-0.31423719712196874,0.5107639769099205,0.1083085093325486,-0.510830673060201,0.18015684831732343,-0.025158392950893445,-0.14698906929252809,-0.6000617284938108,0.05897479113643388,1.3464851560971522,0.04503652602138145,0.0,0.0,0.0,0.0,0.0,1.0,0.0
10258398233,Walk,0.8722028076960638,0.3234480040494324,0.6996700000811644,-0.2750959291159418,-0.42718264332191663,-0.2881489440206778,-0.30183234949227983,0.5041870255454092,0.10455203116248922,-0.5813588345135033,0.12947944326782596,-0.025158392950893445,0.44017021060024275,-0.6512378602303092,0.05897479113643388,1.3464851560971522,0.0121950750142383,0.0,0.0,0.0,0.0,0.0,1.0,0.0
10262802614,Walk,-1.7498969237301936,0.07788285279075313,0.5689175092571731,0.08879043693256641,-0.40479727074412286,-0.2628098794221744,-0.2816744720940354,0.45814836599383074,0.13460385652296375,-0.8705242964720428,0.12947944326782596,-0.025158392950893445,-0.14698906929252809,-0.22666550804602648,0.05897479113643388,1.3464851560971522,-0.00739101023498675,0.0,0.0,0.0,0.0,0.0,0.0,1.0
10325098223,Run,-1.7498969237301936,-0.2908049920352972,-0.3800285983896731,-0.1763670701105325,1.07543549096249,-0.28477040207421067,-0.2987311375848576,0.44499446326480835,0.07450020580201443,-1.2231651037385542,0.12947944326782596,-0.025158392950893445,-0.14698906929252809,2.4079575702403697,-2.3705553299939037,1.5828626053752368,-0.008187412047326021,0.0,1.0,0.0,0.0,0.0,0.0,0.0
10382552699,Walk,0.31282153165846227,-0.28763055794700404,-0.47115912229730345,-0.5386667223535967,0.07555551582103519,-0.2340922728772038,-0.249111747066102,0.6686108096581898,0.1533862473732604,-0.017133542887084872,0.12947944326782596,-0.025158392950893445,-0.10349578930047097,0.2149655547170888,-1.7079562060492661,1.5828626053752368,-0.17270512880649572,1.0,0.0,0.0,0.0,0.0,0.0,0.0
10384197626,Walk,0.8197608130675387,0.1663135166789202,0.7624047810320694,-0.20140188792976133,-0.33017936215147686,0.19498255432412095,0.1478433770839427,0.16876250595533746,0.2585676361349218,0.7022537039365987,0.12947944326782596,-0.025158392950893445,1.6144887703857844,-0.12810406914610387,0.05897479113643388,1.5828626053752368,0.06250337254963592,1.0,0.0,0.0,0.0,0.0,0.0,0.0
10391031619,Walk,-0.001830436112688609,-0.3177876817857892,-0.3727645711216736,0.20268122785666345,-1.1220619170909314,-0.36923395073588877,-0.3762614352704132,-1.449167529714421,-1.2139718065283354,-1.759179130783652,0.12947944326782596,-0.025158392950893445,-1.0603479491257273,-1.4511018451489128,1.3841730390257088,1.5828626053752368,-0.30574472647456075,0.0,0.0,1.0,0.0,0.0,0.0,0.0
10391031737,Walk,0.36526352628698744,-0.33343310693523415,-0.4698383900667581,-0.47466926553401895,-0.44117350118303766,-0.26787769234187503,-0.25531417088094643,0.589687393284055,0.12333442201278587,-0.7929433188734103,0.02812463316883103,-0.025158392950893445,-0.777641629177356,-0.23614256947871137,0.7215739150810714,1.5828626053752368,-0.23219229468749844,0.0,0.0,1.0,0.0,0.0,0.0,0.0
10396247645,Walk,0.3827441911631625,-0.37742169358729677,-0.5464408594383894,0.14661734006430616,-0.8851500573092806,-0.36923395073588877,-0.3762614352704132,-1.449167529714421,-1.2139718065283354,-1.759179130783652,0.12947944326782596,-0.025158392950893445,-1.0168546691336702,-0.969667124368521,0.9424402897292838,1.5828626053752368,-0.29186843726973416,0.0,0.0,0.0,1.0,0.0,0.0,0.0
10396247725,Walk,1.0644901213339895,-0.22119418738486826,-0.3258785769373131,0.5090932938413083,-0.05409310035868706,-0.18003560173372984,-0.17778387319539082,0.6291491014711224,0.19095102907385367,1.7601761257361332,0.0788020382183285,-0.025158392950893445,0.09222397066378597,0.025424326063391088,0.7215739150810714,1.5828626053752368,-0.14570845720177472,0.0,0.0,0.0,1.0,0.0,0.0,0.0
10399815129,Walk,0.9596061320769391,0.21324979212725503,0.6844815794298927,-0.24618247755007192,-0.3152557804329477,0.1780898445917853,0.14474216517652055,0.6817647123872118,0.24354172345468422,0.5118276680126828,0.12947944326782596,-0.025158392950893445,1.7014753303698986,-0.29490035036135764,0.05897479113643388,1.5828626053752368,0.05028737864849968,0.0,1.0,0.0,0.0,0.0,0.0,0.0
10405064424,Walk,0.4701475155440377,0.01643487865307808,0.36684547798373196,-0.33997489360521066,-0.3945373083126339,-0.1090862208579202,-0.11575963504694634,0.6686108096581898,0.20597694175409095,-0.23577084339232188,0.0788020382183285,-0.025158392950893445,0.8316097305287566,-0.26267834149022906,0.05897479113643388,1.5828626053752368,-0.047143609172938375,0.0,0.0,0.0,0.0,0.0,1.0,0.0
10418141636,Walk,0.7673188184390136,-0.1783393271929104,-0.14295716300677974,-0.13987265258531875,-0.2536960058440148,-0.11246476280438734,-0.1746826612879686,0.5107639769099205,0.13084737835290436,1.0690001434937708,0.23083425336682087,-0.025158392950893445,0.3749302906121571,-0.0750325251230685,-1.266223456752841,1.5828626053752368,-0.13015837435745545,1.0,0.0,0.0,0.0,0.0,0.0,0.0
10421540410,Walk,0.6799154940581383,-0.44998018703399795,-0.8270964584292799,-0.11607194550365765,0.38988345576755595,-0.36923395073588877,-0.21809962799187976,0.6554569069291671,0.4313656319576507,-1.180848206866573,-1.2388104930686055,-0.025158392950893445,-1.0603479491257273,0.5902571874514099,1.6050394136739212,1.5828626053752368,-0.2739561456600018,1.0,0.0,0.0,0.0,0.0,0.0,0.0
10424576946,Walk,0.6099928345534381,-0.3753809859591083,-0.6884195742220164,0.3334969660388306,-0.0382367947827499,-0.12260038864378872,-0.2925287137700131,0.06353128412315795,0.1158214656726671,1.7178592288641519,0.9909953291092827,-0.025158392950893445,-0.777641629177356,-0.12431324457302992,-1.0453570821046285,1.5828626053752368,-0.2494971611861246,0.0,0.0,1.0,0.0,0.0,0.0,0.0
10425143339,Walk,0.3827441911631625,-0.03889097260003157,0.24665884500410354,-0.3163504880574878,-0.33484298143851715,0.15781859291298259,0.13543852945425386,0.5633795878260103,0.251054679794803,0.011077721694236204,0.0788020382183285,-0.025158392950893445,0.766369810540671,-0.1337903060057148,0.27984116578464635,1.5828626053752368,-0.05665993591360253,0.0,0.0,1.0,0.0,0.0,0.0,0.0
10431597008,Walk,0.6099928345534381,0.41278564910568327,0.7617444149167967,-0.32199213714351116,-0.3544301824440868,0.042948166733100354,0.014491265064787085,0.43184056053578596,0.2134898980942097,0.3989826096873989,0.12947944326782596,-0.025158392950893445,1.7884618903540128,-0.6379699742245504,0.5007075404328588,1.5828626053752368,0.053041039152181155,0.0,0.0,0.0,1.0,0.0,0.0,0.0
10432984168,Walk,-0.001830436112688609,-0.35746810788945393,-0.6237036949252933,-0.578687170557575,-0.2742159307069924,-0.22395664703780244,-0.22740326371414643,0.6291491014711224,0.1458732910331419,-0.1722954980843499,0.02812463316883103,-0.025158392950893445,-0.7993882691733846,-0.32143612237287533,-1.7079562060492661,1.5828626053752368,-0.24994260626760248,0.0,1.0,0.0,0.0,0.0,0.0,0.0
10435224369,Walk,0.7323574886866635,-0.057710831837769684,0.1363777037535654,0.1088888118015247,-0.3376411530107415,-0.12935747253672297,-0.09405115169499077,0.6291491014711224,0.1458732910331419,-0.2992461887002941,0.02812463316883103,-0.025158392950893445,0.570650050576414,-0.23614256947871137,0.05897479113643388,1.5828626053752368,-0.08263073399734414,0.0,1.0,0.0,0.0,0.0,0.0,0.0
10440675089,Walk,0.6624348291819633,-0.42163702553138027,-0.726720808907832,-0.3953335752618151,0.13151894726551966,-0.0009728785709722255,-0.04443176117623519,0.6686108096581898,0.8145264053037023,-0.11587296892170801,0.18015684831732343,-0.025158392950893445,-0.8428815491654417,0.6092113103167797,-1.266223456752841,1.5828626053752368,-0.2505905263861158,0.0,0.0,0.0,0.0,0.0,1.0,0.0
10440675405,Walk,0.3303021965346373,-0.027100217414942625,0.329204609413189,-0.47361145633038954,-0.4682224930478718,-0.06854371750031471,-0.06924145643561296,0.6817647123872118,0.22100285443432846,0.13802841231018018,0.0788020382183285,-0.025158392950893445,0.570650050576414,-0.30437741179404254,0.05897479113643388,1.5828626053752368,-0.07686694460973621,0.0,0.0,0.0,0.0,0.0,1.0,0.0
10443558929,Walk,0.24289887215376207,-0.3347935786873598,-0.4962530346776654,-0.39727289213513567,-0.2751486545644006,-0.22733518898426955,-0.24290932325125755,0.6159951987420997,0.1383603346930231,-0.6166229152401546,0.12947944326782596,-0.025158392950893445,-0.6471617892011847,-0.016274744240422415,-0.8244907074564161,1.5828626053752368,-0.21932838066784888,0.0,0.0,0.0,0.0,0.0,0.0,1.0
10446243219,Walk,0.6624348291819633,0.16563328080285739,0.8515542065938817,-0.3131770604465996,-0.3992009275996744,0.18822547043118673,0.1757542842507428,0.4713022687228531,0.26608059247504023,-0.2851405564096337,0.0788020382183285,-0.025158392950893445,1.4840089304096131,-0.16032607801723248,0.05897479113643388,1.5828626053752368,0.05486331448549983,0.0,0.0,0.0,0.0,0.0,0.0,1.0
10452872426,Walk,1.0470094564578143,-0.48489896200522287,-0.8594543980776413,-0.28637922728798854,2.316890945172636,-0.3253129054318161,-0.3173384090293909,0.6686108096581898,0.09328259665231108,-1.1385313099945915,-0.0732301769301639,-0.025158392950893445,-0.6471617892011847,5.537283255312916,1.6050394136739212,1.5828626053752368,-0.22762985718630058,0.0,0.0,0.0,0.0,1.0,0.0,0.0
10452872506,Walk,0.7673188184390136,-0.22663607439337086,-0.30408649513331454,-0.31828980493080833,-0.180010821108777,-0.21044247925193393,-0.18708750891765752,0.6686108096581898,0.22851581077444696,-0.44030251160689876,0.02812463316883103,-0.025158392950893445,-0.10349578930047097,-0.07313711283653153,-1.7079562060492661,1.5828626053752368,-0.15857237122142429,0.0,0.0,0.0,0.0,1.0,0.0,0.0
10454645560,Walk,0.36526352628698744,-0.39238688286067885,-0.7630409452478296,-0.4734351547964513,-0.15669272467357526,-0.33544853127121754,-0.3607553757333021,0.6817647123872118,0.10079555299242983,-0.10882015277637792,0.23083425336682087,-0.025158392950893445,-1.16908114910587,-0.5375131230380905,-1.266223456752841,1.5828626053752368,-0.2774522146328131,1.0,0.0,0.0,0.0,0.0,0.0,0.0
10460745531,Walk,0.4351861857916876,-0.42095678965531746,-0.7603994807867388,-0.28020867360015045,0.0457083523839768,-0.32193436348534904,-0.30493356139970207,0.6686108096581898,0.1533862473732604,-0.36977435015359644,-0.0732301769301639,-0.025158392950893445,-0.9951080291376415,0.1505215369748316,1.3841730390257088,1.5828626053752368,-0.2661541075662374,1.0,0.0,0.0,0.0,0.0,0.0,0.0
10460745535,Walk,0.19045687752523693,-0.25792692469226075,-0.38399079508130923,-0.5275597257154881,-0.166019963247656,-0.21044247925193393,-0.26151659469579086,0.6554569069291671,0.1458732910331419,-0.12997860121236843,0.23083425336682087,-0.025158392950893445,-0.21222898928061373,-0.07882334969614245,-1.0453570821046285,1.5828626053752368,-0.17764551971015966,0.0,0.0,1.0,0.0,0.0,0.0,0.0
10462842648,Walk,0.5400701750487379,0.002376670547779727,0.34241193171864265,0.05635095468793194,-0.3124576088607236,0.08349067009070588,0.033098536509320424,0.5765334905550326,0.2811065051552775,1.6473310674108494,0.12947944326782596,-0.025158392950893445,0.9185962905128708,-0.10725453399419711,0.5007075404328588,1.5828626053752368,-0.02834042740025021,0.0,0.0,1.0,0.0,0.0,0.0,0.0
10468534638,Walk,0.6274734994296132,0.00668483109617761,0.39326012259463927,-0.20175449099763773,-0.3954700321700421,0.3672881935939443,0.330814879621854,0.6817647123872118,0.2811065051552775,1.1254226726564125,0.0788020382183285,-0.025158392950893445,0.6793832505565568,-0.2001297360345088,0.05897479113643388,1.5828626053752368,-0.041798268195203665,0.0,0.0,0.0,1.0,0.0,0.0,0.0
10472120504,Walk,0.1030535531443617,-0.2887642844071087,-0.4863475429485752,-0.4512211615202343,-0.3842773458811452,-0.3117987376459477,-0.34214810428876874,0.7606881287613466,0.1834380727337352,-1.025686251669308,0.18015684831732343,-0.025158392950893445,-0.777641629177356,-0.5128727633131098,0.5007075404328588,1.5828626053752368,-0.22922266081097908,0.0,0.0,0.0,1.0,0.0,0.0,0.0
10472120578,Walk,0.24289887215376207,-0.2037347998992558,-0.5220073131733001,-0.08063533718207334,0.5008775947991165,0.4720229939344251,0.39904154158514293,0.6686108096581898,1.8738532492604332,0.25792628678079427,0.12947944326782596,-0.025158392950893445,0.026984050675700325,-0.0674508759769206,-0.8244907074564161,-1.0172893366836941,-0.1444801086437599,0.0,1.0,0.0,0.0,0.0,0.0,0.0
10474068376,Walk,0.3827441911631625,0.16563328080285739,0.8502334743633363,-0.149216633884045,-0.4010663753144905,0.2557963093605292,0.20366519141754277,0.6554569069291671,0.3111583305157523,0.11686996387418967,0.12947944326782596,-0.025158392950893445,1.4622622904135847,-0.16601231487684343,0.27984116578464635,-1.0172893366836941,0.053702457606496834,0.0,1.0,0.0,0.0,0.0,0.0,0.0
10481181264,Walk,0.03313089363966149,-0.5012246230307307,-0.9070007583772746,-0.5176868398149472,0.0167939128043266,-0.36923395073588877,-0.3762614352704132,-1.449167529714421,-1.2139718065283354,-1.759179130783652,0.12947944326782596,-0.025158392950893445,-1.4735341090502696,0.8631965567127347,1.3841730390257088,-1.0172893366836941,-0.3123589110177174,0.0,0.0,0.0,0.0,0.0,1.0,0.0
10481181678,Walk,0.6799154940581383,-0.2912584826193391,-0.44474447768639613,-0.07375957735848225,-0.13524007595318943,-0.1361145564296572,-0.1374681183989019,0.6949186151162344,0.2134898980942097,0.8644684752791942,0.02812463316883103,-0.025158392950893445,-0.3644554692528136,0.019738089203780364,0.7215739150810714,-1.0172893366836941,-0.18988851028290063,0.0,0.0,0.0,0.0,0.0,1.0,0.0
10486332569,Walk,-0.22907907950296424,-0.4624511780951497,-0.7940781526656457,-0.6485025779971144,-1.308606688572546,-0.36923395073588877,-0.3762614352704132,-1.449167529714421,-1.2139718065283354,-1.759179130783652,0.12947944326782596,-0.025158392950893445,-1.5387740290383554,-1.8301843024563078,-0.8244907074564161,-1.0172893366836941,-0.3374118222668985,0.0,0.0,0.0,0.0,0.0,0.0,1.0
10486332592,Walk,0.6799154940581383,-0.16541484554771674,0.07100145834156973,-0.3657149175601923,-0.08020936836611314,-0.36923395073588877,-0.3762614352704132,-1.449167529714421,-1.2139718065283354,-1.759179130783652,0.12947944326782596,-0.025158392950893445,0.6141433305684711,0.666073678912889,-0.3827579581599911,-1.0172893366836941,-0.037046853992772695,0.0,0.0,0.0,0.0,0.0,0.0,1.0
10486332626,Walk,0.01565022876348644,-0.31688070061770546,-0.7055890932191061,0.07539152035326095,0.3311218527508474,-0.19354976951959832,-0.3235408328442354,0.7080725178452566,0.3111583305157523,-0.6659926282574661,0.6362534937628005,-0.025158392950893445,-0.6906550691932418,-0.3460764820978561,-1.266223456752841,-1.0172893366836941,-0.2307749694282506,0.0,0.0,0.0,0.0,0.0,0.0,1.0
10486332904,Walk,0.7847994833151887,-0.18151376128120356,-0.14691935969841582,0.20303383092453986,-0.3292466382940687,-0.2307137309307367,-0.25221295897352425,0.6686108096581898,0.13084737835290436,-0.25692929182831264,0.12947944326782596,-0.025158392950893445,-0.038255869312385324,-0.19444349917489787,0.27984116578464635,-1.0172893366836941,-0.1452360154486921,0.0,0.0,0.0,0.0,0.0,0.0,1.0
10487338615,Walk,-0.01931110098886366,-0.29420617141561134,-0.30408649513331454,-0.4305938820494613,-0.02890955620866915,-0.36923395073588877,-0.3762614352704132,-1.449167529714421,-1.2139718065283354,-1.759179130783652,0.12947944326782596,-0.025158392950893445,-0.08174914930444242,0.7703213546724226,0.9424402897292838,-1.0172893366836941,-0.13559820368580672,0.0,0.0,0.0,0.0,0.0,0.0,1.0
10491375578,Walk,0.907164137448414,-0.22550234793326615,-0.6289866238474748,-0.15767910751308006,1.4084179080571724,-0.24422789871660516,-0.2708202304180576,0.5370717823679653,0.1083085093325486,-0.7153623412747776,0.12947944326782596,-0.025158392950893445,0.13571725065584309,0.3741801867861949,-1.0453570821046285,-1.0172893366836941,-0.11483776322177626,0.0,0.0,0.0,0.0,1.0,0.0,0.0
10493051533,Walk,0.2778602019061122,0.06677233348172702,-0.05248700521442209,0.040131213565614776,0.20054051271371695,0.6206788395789787,0.5230900178820319,-1.0545504478437482,1.505718388594619,1.5838557221028775,0.12947944326782596,-0.025158392950893445,0.6793832505565568,-0.22856092033256345,0.5007075404328588,-1.0172893366836941,-0.013802719741107968,0.0,0.0,0.0,0.0,1.0,0.0,0.0
10497175288,Walk,1.1344127808386897,-0.233891923738041,-0.5675725751271152,1.8015598391424779,1.1799005629921944,-0.12260038864378872,-0.15607538984343527,0.6423030042001447,0.1383603346930231,0.15918686074617092,0.12947944326782596,-0.025158392950893445,0.4184235706042142,0.6092113103167797,-1.0453570821046285,-1.0172893366836941,-0.09896372031820036,1.0,0.0,0.0,0.0,0.0,0.0,0.0
10500440324,Walk,0.24289887215376207,-0.07766441753561251,0.32656314495209826,-0.3981543998048268,-0.6706235701054237,-0.36923395073588877,-0.3762614352704132,-1.449167529714421,-1.2139718065283354,-1.759179130783652,0.12947944326782596,-0.025158392950893445,0.22270381063995728,-0.5337222984650166,1.1633066643774963,-1.0172893366836941,-0.1361246387820988,1.0,0.0,0.0,0.0,0.0,0.0,0.0
10507452722,Walk,0.8547221428198888,-0.3105318324411191,-0.4605932644529405,-0.5113399845931709,-0.2201179469773241,-0.2374708148236709,-0.28012386614032425,0.6686108096581898,0.1383603346930231,-0.6166229152401546,0.23083425336682087,-0.025158392950893445,-0.4514420292369278,-0.012483919667348459,0.9424402897292838,-1.0172893366836941,-0.20426423791241455,0.0,0.0,1.0,0.0,0.0,0.0,0.0
10510728413,Walk,0.3303021965346373,-0.345450607412344,-0.5048377941762103,-0.4570391121401959,-0.38521006973855315,-0.2543635245560065,-0.21809962799187976,0.6686108096581898,0.22100285443432846,1.35111278930698,-0.12390758197966134,-0.025158392950893445,-0.4949353092289849,-0.14326736743839968,-1.4870898314010537,-1.0172893366836941,-0.23325866321588487,0.0,0.0,0.0,1.0,0.0,0.0,0.0
10512411827,Walk,0.7673188184390136,0.048405964828030786,0.5623138481044463,-0.15239006149493325,-0.356295630158903,0.015919831161363397,0.08581913893549828,0.7080725178452566,0.3712619812367016,-0.2287180272469918,-0.022552771880666417,-0.025158392950893445,1.0925694104810992,-0.05607840225769873,0.27984116578464635,-1.0172893366836941,0.00784861088587828,0.0,0.0,0.0,1.0,0.0,0.0,0.0
10516555169,Walk,0.19045687752523693,-0.256793198232156,-0.5834213618936597,0.7696669610020133,0.1734915208488829,-0.26787769234187503,-0.2832250780477465,0.6817647123872118,0.16089920371337915,0.4130882419780593,0.12947944326782596,-0.025158392950893445,-0.23397562927664228,-0.3384948329517081,-1.266223456752841,-1.0172893366836941,-0.19948582703837892,0.0,1.0,0.0,0.0,0.0,0.0,0.0
10525401081,Walk,0.7148768238104884,-0.09399007856112028,0.1251514797939298,0.0020500822349569093,-0.2611577967032794,-0.08205788528618321,-0.10335478741725743,0.7080725178452566,0.19846398541397245,-0.8282073996000614,0.12947944326782596,-0.025158392950893445,0.6141433305684711,0.025424326063391088,0.05897479113643388,-1.0172893366836941,-0.06625725266908083,0.0,0.0,0.0,0.0,0.0,1.0,0.0
10532160274,Walk,0.7498381535628386,0.0479524742439889,0.44674977793172665,-0.0758751957657411,-0.2704850352773601,0.015919831161363397,-0.02272327782427959,0.6686108096581898,0.20597694175409095,0.49066921957669174,0.12947944326782596,-0.025158392950893445,1.201302610461242,-0.04660134082501405,0.27984116578464635,-1.0172893366836941,0.009157949458707192,0.0,0.0,0.0,0.0,0.0,0.0,1.0
10542082331,Walk,0.2778602019061122,-0.42639867666382003,-0.7445506940201945,-0.30065965153698526,0.06995917267658674,-0.2982845698600792,-0.31423719712196874,0.6686108096581898,0.10079555299242983,-0.6800982605481265,0.12947944326782596,-0.025158392950893445,-0.9516147491455844,0.44431044138806286,1.6050394136739212,-1.0172893366836941,-0.2599043780897445,0.0,0.0,0.0,0.0,1.0,0.0,0.0
10542082340,Walk,0.22541820727758705,-0.27878749155818733,-0.937377599679818,1.5778331925748632,2.121951658974349,-0.3286914473782833,-0.373160223362991,-1.291320696966152,-0.7631944261212159,-1.032739067814638,0.4335438735648107,-0.025158392950893445,-1.408294189062184,-1.373389941400897,1.3841730390257088,-1.0172893366836941,-0.2932722641931797,0.0,0.0,0.0,0.0,1.0,0.0,0.0
10548330703,Walk,0.36526352628698744,-0.30735739835282594,-0.6738915196860173,-0.42336551915799375,0.25836939187301755,-0.2543635245560065,-0.28012386614032425,0.6554569069291671,0.20597694175409095,-0.24987647568298255,0.18015684831732343,-0.025158392950893445,-0.6471617892011847,-0.32143612237287533,-1.0453570821046285,-1.0172893366836941,-0.22407979487027974,0.0,0.0,1.0,0.0,0.0,0.0,0.0
10550930829,Walk,0.8372414779437137,-0.02823394387504733,0.18788626074483472,0.05176711480553797,-0.3357757052959253,-0.1090862208579202,-0.11575963504694634,0.6028412960130773,0.1533862473732604,-0.10882015277637792,0.0788020382183285,-0.025158392950893445,0.6358899705644997,-0.2588875169171551,0.27984116578464635,-1.0172893366836941,-0.07036074675299844,0.0,0.0,1.0,0.0,0.0,0.0,0.0
10555028005,Walk,0.08557288826818664,-0.39828226045322335,-0.7901159559740096,-0.37717451726617734,0.008399398087653826,-0.3253129054318161,-0.33904689238134655,-1.2518589887790845,0.12333442201278587,0.20855657376348247,0.18015684831732343,-0.025158392950893445,-1.0386013091296986,-0.4654874561496854,-1.266223456752841,-1.0172893366836941,-0.2770877595661494,0.0,0.0,0.0,1.0,0.0,0.0,0.0
10557783003,Walk,-1.7498969237301936,0.013713935148826786,0.3569399862546417,-0.1023204258564756,-0.43837532961081355,-0.2881489440206778,-0.30183234949227983,0.4910331228163868,0.03317894593136202,-0.5813588345135033,0.12947944326782596,-0.025158392950893445,-0.14698906929252809,-0.3441810698113191,0.27984116578464635,-1.0172893366836941,-0.0623832302938034,0.0,0.0,0.0,1.0,0.0,0.0,0.0
10564610886,Walk,0.6973961589343134,-0.37560773125112923,-0.6791744486081988,-0.4889496897830157,0.022390255948775046,-0.3253129054318161,-0.19328993273250195,-1.199243377862995,-0.6429871246793174,-1.1103200454132707,-0.5293268223756411,-0.025158392950893445,-0.8211349091694131,0.019738089203780364,0.27984116578464635,-1.0172893366836941,-0.24251852157630419,0.0,1.0,0.0,0.0,0.0,0.0,0.0
10565644577,Walk,0.575031504801088,-0.4139276856026683,-0.766342775824193,-0.39727289213513567,0.1837514832803716,-0.3320699893247504,-0.3173384090293909,0.6686108096581898,0.1083085093325486,0.4130882419780593,-0.0732301769301639,-0.025158392950893445,-0.8646281891614702,0.16378942298059065,1.6050394136739212,-1.0172893366836941,-0.26095724828232864,0.0,1.0,0.0,0.0,0.0,0.0,0.0
10568285673,Walk,0.26037953702993716,-0.2538455094358838,-0.5761573346256601,-0.39938851054239444,-0.21079070840324335,-0.29490602791361203,-0.30803477330712425,0.6291491014711224,0.1383603346930231,0.03928898627555703,0.12947944326782596,-0.025158392950893445,-0.538428589221042,-0.732740588551399,-0.8244907074564161,-1.0172893366836941,-0.23257024808996452,0.0,0.0,0.0,0.0,0.0,1.0,0.0
10574772934,Walk,0.22541820727758705,-0.4454452811935791,-0.8270964584292799,-0.558765097222555,0.33298730046566355,-0.25098498260953944,-0.289427501862591,0.6028412960130773,0.13084737835290436,0.20855657376348247,0.4335438735648107,-0.025158392950893445,-0.9516147491455844,0.37986642364580564,-0.8244907074564161,-1.0172893366836941,-0.2761023810525771,0.0,0.0,0.0,0.0,0.0,0.0,1.0
10577513572,Walk,0.3827441911631625,0.5801236746171379,0.8964591024324241,1.5319947937509233,-0.3954700321700421,0.3402598580222073,0.3246124558070096,0.5633795878260103,0.5215211080390748,1.2382677309816963,0.0788020382183285,-0.025158392950893445,0.9185962905128708,-0.8009754308667302,0.05897479113643388,-1.0172893366836941,0.06597244485084253,0.0,0.0,0.0,0.0,0.0,0.0,1.0
10581225587,Walk,0.7323574886866635,-0.2830956521065852,-0.5563463511674797,-0.2763300398535094,-0.006524183630875365,-0.21044247925193393,-0.2367068994364131,0.43184056053578596,0.10079555299242983,1.4569050314869336,0.12947944326782596,-0.025158392950893445,-0.4949353092289849,-0.27215540292291396,-1.266223456752841,-1.0172893366836941,-0.20777380522102828,0.0,0.0,0.0,0.0,1.0,0.0,0.0
10584946544,Walk,0.907164137448414,-0.2769735292220198,-0.41040543969221654,-0.41419783939320576,-0.12964373280874097,-0.18679268562666407,-0.20879599226961307,0.5765334905550326,0.1158214656726671,0.018130537839566283,0.12947944326782596,-0.025158392950893445,-0.14698906929252809,0.034901387496076186,0.7215739150810714,-1.0172893366836941,-0.17984574844594442,0.0,0.0,0.0,0.0,1.0,0.0,0.0
10587250331,Walk,0.3827441911631625,-0.3316191445990666,-0.6197414982336572,-0.5529471466025934,-0.023313213064220704,-0.3320699893247504,-0.32664204475165765,0.6686108096581898,0.1083085093325486,-0.9551580902160055,0.02812463316883103,-0.025158392950893445,-0.5166819492250134,-0.18686185002874994,-1.0453570821046285,-1.0172893366836941,-0.22815629228259263,1.0,0.0,0.0,0.0,0.0,0.0,0.0
10589273635,Walk,0.7673188184390136,-0.14410078809774826,-0.35427431989403846,0.303173102201455,-0.26209052056068755,-0.028001214142709244,0.07031307939838716,0.6686108096581898,0.4238526756175322,0.4765635872860313,-0.22526239207865623,-0.025158392950893445,-0.23397562927664228,-0.6758782199552897,0.7215739150810714,-1.0172893366836941,-0.18332831908295347,1.0,0.0,0.0,0.0,0.0,0.0,0.0
10592039585,Walk,0.2953408667822872,-0.25906065115236543,-0.5966286841991133,0.8393060669076147,-0.03637134706793375,-0.11922184669732157,-0.26151659469579086,0.6949186151162344,0.3336971995361083,0.7868874976805617,0.5855760887133031,-0.025158392950893445,-0.5601752292170705,-0.5905846670611259,-1.4870898314010537,-1.0172893366836941,-0.22240600123078705,0.0,0.0,1.0,0.0,0.0,0.0,0.0
10594662542,Workout,0.9945674618292892,0.19896483872993573,1.1322098055847722,-0.917891321854731,-1.3738973585911112,-0.36923395073588877,-0.3762614352704132,-1.449167529714421,-1.2139718065283354,-1.759179130783652,0.12947944326782596,-0.025158392950893445,-0.016509229316356774,-1.9628631625138961,-0.6036243328082036,-1.0172893366836941,-0.34032746280020837,0.0,0.0,1.0,0.0,0.0,0.0,0.0
10595116000,Walk,0.24289887215376207,-0.3556541455532864,-0.6626652957263817,0.47700641466455046,-0.07647847293648084,-0.2340922728772038,-0.19018872082507973,0.6817647123872118,0.22100285443432846,0.11686996387418967,-0.22526239207865623,-0.025158392950893445,-0.777641629177356,-0.24372421862485927,0.27984116578464635,-1.0172893366836941,-0.24475924531949605,0.0,0.0,1.0,0.0,0.0,0.0,0.0
10620205007,Walk,0.9421254672007641,-0.08401328571219886,0.08883134345393219,-0.039204476706589074,-0.3292466382940687,-0.19354976951959832,-0.19328993273250195,0.6949186151162344,0.16089920371337915,-0.355668717862936,0.0788020382183285,-0.025158392950893445,0.5489034105803855,-0.19633891146143484,0.27984116578464635,-1.0172893366836941,-0.09124267223925014,0.0,1.0,0.0,0.0,0.0,0.0,0.0
10693096049,Walk,0.6799154940581383,-0.2669967363730984,-0.36814200831476485,-0.2602866002651304,-0.2742159307069924,-0.1361145564296572,-0.12816448267663524,0.6686108096581898,0.273593548815159,0.6035142779019755,0.02812463316883103,-0.025158392950893445,-0.16873570928855663,-0.14326736743839968,-1.0453570821046285,-0.7809118874056095,-0.188403693344641,0.0,0.0,0.0,1.0,0.0,0.0,0.0
10693096110,Walk,0.5225895101725628,-0.21847324388061698,-0.30738832570967795,-0.20140188792976133,-0.1436345906698622,-0.07530080139324899,-0.12816448267663524,0.4976100741808981,0.1458732910331419,-0.24282365953765223,0.18015684831732343,-0.025158392950893445,0.048730690671728874,-0.0750325251230685,-1.266223456752841,-0.7809118874056095,-0.15392894370541227,0.0,0.0,1.0,0.0,0.0,0.0,0.0
10695323551,Walk,0.1030535531443617,0.1536157803257475,0.6270297274011692,-0.34843736723424573,-0.3777482788792886,0.11389754760891001,0.0920215627503427,0.6949186151162344,0.251054679794803,-0.05945043975906611,0.0788020382183285,-0.025158392950893445,0.9838362105009565,-0.31574988551326444,0.05897479113643388,-0.7809118874056095,0.014543785443849067,0.0,0.0,0.0,1.0,0.0,0.0,0.0
10702361540,Walk,0.8197608130675387,0.19805785756185196,0.8291017586746104,-0.14815882468041572,-0.369353764162616,0.28958172882520045,0.2811954891030984,0.4976100741808981,0.3336971995361083,1.5768029059575472,0.0788020382183285,-0.025158392950893445,1.5709954903937273,-0.20960679746719368,0.05897479113643388,-0.7809118874056095,0.062219907497786296,0.0,1.0,0.0,0.0,0.0,0.0,0.0
10708169292,Walk,0.01565022876348644,-0.06542017176648168,0.15420758886592786,-0.5123977937968004,-0.30872671343109126,-0.11922184669732157,-0.097152363602413,0.6423030042001447,0.1834380727337352,0.6035142779019755,0.02812463316883103,-0.025158392950893445,0.8098630905327281,-0.12999948143264084,0.27984116578464635,-0.7809118874056095,-0.07118414523694244,0.0,0.0,0.0,0.0,0.0,1.0,0.0
10715385558,Walk,0.5925121696772631,-0.04501309548459698,0.24269664831246746,-0.22925753029200177,-0.36842104030520784,0.11051900566244284,0.0920215627503427,0.3923788523487186,0.13084737835290436,0.18034530918216166,0.0788020382183285,-0.025158392950893445,0.527156770584357,-0.17738478859606527,0.5007075404328588,-0.7809118874056095,-0.06687817611598947,0.0,0.0,0.0,0.0,0.0,0.0,1.0
10723348926,Walk,0.4701475155440377,-0.345677352704365,-0.5913457552769319,-0.5619385248334431,0.08301730668029979,-0.18003560173372984,-0.14367054221374637,0.6554569069291671,0.3938008502570574,1.379324053888301,-0.12390758197966134,-0.025158392950893445,-0.3209621892607565,0.2509783881612912,0.5007075404328588,-0.7809118874056095,-0.21020350566545318,0.0,0.0,0.0,0.0,1.0,0.0,0.0
10725851720,Walk,0.3477828614108124,-0.29919456784007203,-0.5371957338245718,-0.3768219141983009,-0.1725490302495124,-0.20706393730546682,-0.20259356845476864,0.6159951987420997,0.2886194614953963,1.0619473273484406,0.02812463316883103,-0.025158392950893445,-0.5819218692130991,-0.30627282408057954,-1.266223456752841,-0.7809118874056095,-0.21878844723575447,1.0,0.0,0.0,0.0,0.0,0.0,0.0
10727732263,Walk,0.8372414779437137,-0.08469352158826168,0.23411188881392256,-0.23701479778528392,-0.3506992870144545,0.15106150902004836,0.09822398656518719,0.5502256850969877,0.1458732910331419,0.0886586992928686,0.12947944326782596,-0.025158392950893445,0.5923966905724426,0.0007839663384105922,0.27984116578464635,-0.7809118874056095,-0.06390854223947012,1.0,0.0,0.0,0.0,0.0,0.0,0.0
10731561259,Walk,0.24289887215376207,-0.25135131122365345,-0.6534201701125641,-0.3792901356734361,-0.06808395821980828,-0.21719956314486819,-0.1994923565473464,0.6554569069291671,0.1458732910331419,-0.07355607204972676,-0.0732301769301639,-0.025158392950893445,-0.6036685092091276,-0.8445699134570807,-1.266223456752841,-0.7809118874056095,-0.2414656513837201,0.0,0.0,1.0,0.0,0.0,0.0,0.0
10734426171,Walk,1.0994514510863396,-0.08990866330474333,0.1839240640531986,-0.09791288750801994,-0.32458301900702846,0.01929837310783051,-0.02272327782427959,0.4844561714518755,0.1834380727337352,0.4130882419780593,0.12947944326782596,-0.025158392950893445,0.39667693060818565,-0.008693095094274505,0.05897479113643388,-0.7809118874056095,-0.0684304847332609,0.0,0.0,1.0,0.0,0.0,0.0,0.0
10741472225,Walk,0.4351861857916876,-0.22232791384497297,-0.28625661002095204,-0.16384966120091815,-0.15389455310135092,-0.10570767891145309,0.17885549615816496,0.6291491014711224,1.0774798772078553,1.7249120450094821,-0.7320364425736309,-0.025158392950893445,0.13571725065584309,-0.008693095094274505,0.27984116578464635,-0.7809118874056095,-0.14981195128569233,0.0,0.0,0.0,1.0,0.0,0.0,0.0
10751815690,Walk,0.2778602019061122,-0.37356702362294075,-0.7121927543718329,-0.553476051204408,-0.07368030136425673,-0.2813918601277436,-0.289427501862591,0.6817647123872118,0.1158214656726671,-0.48261940847887996,0.0788020382183285,-0.025158392950893445,-0.8211349091694131,-0.3290177715190232,-1.9288225806974786,-0.7809118874056095,-0.25863553452432264,0.0,0.0,0.0,0.0,0.0,1.0,0.0
10755950040,Walk,0.45266685066786266,-0.23298494256995722,-0.3496517570871297,-0.5069324462447151,-0.3441702200125979,-0.18341414368019696,-0.1746826612879686,0.6554569069291671,0.16089920371337915,-0.6236757313854846,0.02812463316883103,-0.025158392950893445,-0.3209621892607565,-0.40672967526703935,0.7215739150810714,-0.7809118874056095,-0.19378952932978283,0.0,0.0,0.0,0.0,0.0,1.0,0.0
10762304653,Walk,0.3303021965346373,-0.30032829430017677,-0.4526688710696683,-0.30295157147818225,-0.15389455310135092,-0.25098498260953944,-0.2367068994364131,0.6291491014711224,0.13084737835290436,-0.2851405564096337,0.02812463316883103,-0.025158392950893445,-0.38620210924884213,0.03679679978261295,0.5007075404328588,-0.7809118874056095,-0.1943429610976796,0.0,0.0,0.0,0.0,0.0,0.0,1.0
10767897861,Walk,0.4177055209155126,0.38058781763870964,0.9479676594236934,1.3124993839978258,-0.4980696564849302,0.3909379872192142,0.34011851534412074,0.5502256850969877,0.251054679794803,1.7249120450094821,0.12947944326782596,-0.025158392950893445,1.3752757304294705,-0.6607149216629938,0.5007075404328588,-0.7809118874056095,0.033292973873327796,0.0,0.0,0.0,0.0,1.0,0.0,0.0
10774995861,Walk,0.924644802324589,-0.3046364548485746,-0.49889449913875616,-0.5478344021183846,-0.39733547988485823,-0.21044247925193393,-0.26771901851063534,0.5370717823679653,0.12333442201278587,0.7375177846632498,0.2815116584163183,-0.025158392950893445,-0.6906550691932418,-0.46927828072275934,0.9424402897292838,-0.7809118874056095,-0.23331265655909436,1.0,0.0,0.0,0.0,0.0,0.0,0.0
10775220787,Workout,0.3477828614108124,0.07561539987054372,0.7729706388764324,-0.917891321854731,-1.3738973585911112,-0.36923395073588877,-0.3762614352704132,-1.449167529714421,-1.2139718065283354,-1.759179130783652,0.12947944326782596,-0.025158392950893445,1.0708227704850708,-1.9628631625138961,1.3841730390257088,-0.7809118874056095,-0.34032746280020837,1.0,0.0,0.0,0.0,0.0,0.0,0.0
10781995885,Walk,0.3827441911631625,-0.330258672846941,-0.5972890503143861,-0.5240336950367236,-0.092334778512418,-0.19354976951959832,-0.20259356845476864,0.6817647123872118,0.19095102907385367,0.7445706008085802,0.0788020382183285,-0.025158392950893445,-0.6471617892011847,-0.18875726231528694,0.9424402897292838,-0.7809118874056095,-0.22756236550728878,0.0,0.0,1.0,0.0,0.0,0.0,0.0
10788596865,Walk,0.7148768238104884,0.015074406900952433,0.24599847888883086,-0.00605978832620175,-0.32458301900702846,0.11389754760891001,0.1013251984726094,0.6159951987420997,0.24354172345468422,1.0478416950577798,0.0788020382183285,-0.025158392950893445,0.6793832505565568,-0.2986911749344316,0.5007075404328588,-0.7809118874056095,-0.05397376708893281,0.0,0.0,0.0,1.0,0.0,0.0,0.0
10793058700,Walk,0.3303021965346373,-0.37492749537506637,-0.7055890932191061,-0.26822016929235076,0.11472991783217432,-0.18341414368019696,-0.20569478036219085,0.4844561714518755,0.13084737835290436,0.09571151543819893,0.12947944326782596,-0.025158392950893445,-0.6036685092091276,-0.033333454819255,-1.266223456752841,-0.7809118874056095,-0.24466475696887954,0.0,1.0,0.0,0.0,0.0,0.0,0.0
10793857823,Walk,0.6973961589343134,-0.1597462132471932,-0.03795895067842305,-0.026863369330912875,-0.20426164140138695,-0.021244130249774958,-0.03822933736139071,0.6817647123872118,0.4088267629372949,0.37782416125140816,0.0788020382183285,-0.025158392950893445,0.48366349059229985,0.13914906325560972,0.27984116578464635,-0.7809118874056095,-0.09409082109354819,0.0,1.0,0.0,0.0,0.0,0.0,0.0
10801552839,Walk,0.2953408667822872,-0.25951414173640736,-0.348991390971857,-0.5568257803492345,-0.32365029514962046,-0.1462501822690586,-0.12816448267663524,0.6028412960130773,0.1458732910331419,0.406035425832729,-0.022552771880666417,-0.025158392950893445,-0.25572226927267083,-0.21908385889987858,0.5007075404328588,-0.7809118874056095,-0.19073890543844932,0.0,0.0,0.0,0.0,0.0,1.0,0.0
10807844471,Walk,0.7148768238104884,-0.10578083374620921,-0.2169181679173203,-0.19329201736860266,-0.19400167896989823,-0.1631428920013942,-0.16537902556570194,0.6554569069291671,0.22851581077444696,0.6810952555006081,0.0788020382183285,-0.025158392950893445,0.35318365061612855,-0.4560103947170005,0.27984116578464635,-0.7809118874056095,-0.13820338249566227,0.0,0.0,0.0,0.0,0.0,0.0,1.0
10808258952,Workout,-0.03679176586503871,-0.518684010516343,-0.9578489492532712,-0.917891321854731,-1.3738973585911112,-0.36923395073588877,-0.3762614352704132,-1.449167529714421,-1.2139718065283354,-1.759179130783652,0.12947944326782596,-0.025158392950893445,-1.5605206690343838,-1.9628631625138961,0.7215739150810714,-0.7809118874056095,-0.34032746280020837,0.0,0.0,0.0,0.0,0.0,0.0,1.0
10818364248,Walk,0.1380148828967118,-0.3347935786873598,-0.6593634651500183,-0.38087684947888023,0.11193174625994999,-0.1462501822690586,-0.15607538984343527,0.5107639769099205,0.16089920371337915,0.18739812532749198,0.02812463316883103,-0.025158392950893445,-0.6254151492051562,-0.1849664377422132,-1.4870898314010537,-0.7809118874056095,-0.22981658758628296,1.0,0.0,0.0,0.0,0.0,0.0,0.0
10824139604,Walk,0.1380148828967118,-0.42163702553138027,-0.7637013113631023,-0.3657149175601923,-0.21545432769028383,-0.3320699893247504,-0.3173384090293909,0.6686108096581898,0.13084737835290436,-0.42619687931623834,-0.0732301769301639,-0.025158392950893445,-0.9516147491455844,-0.25320128005754416,-1.7079562060492661,-0.7809118874056095,-0.28066481855377495,0.0,0.0,1.0,0.0,0.0,0.0,0.0
10829737704,Walk,0.8372414779437137,-0.4431778282733697,-0.7887952237434642,-0.08257465405539376,-0.039169518640157865,-0.3286914473782833,-0.3173384090293909,0.6686108096581898,0.1083085093325486,-0.4544081438975591,-0.022552771880666417,-0.025158392950893445,-0.9298681091495559,0.22065179157669954,1.6050394136739212,-0.7809118874056095,-0.27888303822786337,0.0,0.0,1.0,0.0,0.0,0.0,0.0
10831116956,Walk,0.08557288826818664,-0.18355446890939203,-0.30276576290276913,-0.5094006677198504,-0.40386454688671464,-0.1530072661619928,-0.14677175412116858,0.5239178796389429,0.12333442201278587,1.2171092825457057,0.02812463316883103,-0.025158392950893445,-0.25572226927267083,-0.6133296144995697,-1.9288225806974786,-0.7809118874056095,-0.19231821072732552,0.0,0.0,0.0,1.0,0.0,0.0,0.0
10836553357,Walk,0.5400701750487379,-0.4057648550899144,-0.7960592510114638,-0.32763378622953454,-0.09140205465501003,-0.2780133181812764,-0.28012386614032425,0.6554569069291671,0.1458732910331419,-0.5672532022228429,0.02812463316883103,-0.025158392950893445,-1.1038412291177844,-0.5337222984650166,1.1633066643774963,-0.7809118874056095,-0.28336448571424705,0.0,0.0,0.0,1.0,0.0,0.0,0.0
10842292894,Walk,0.5575508399249129,0.015527897484994314,0.1885466268601074,0.04612546571951459,-0.21452160383287566,-0.09219351112558462,-0.08784872788014629,0.6423030042001447,0.19095102907385367,0.4765635872860313,0.0788020382183285,-0.025158392950893445,1.0708227704850708,-0.20960679746719368,0.27984116578464635,-0.7809118874056095,-0.038531670931032366,0.0,1.0,0.0,0.0,0.0,0.0,0.0
10850337953,Walk,-0.12419509024591396,-0.4742419332802386,-0.8937934360718209,-0.6629593037800494,2.198435015281811,-0.3320699893247504,-0.34835052810361317,0.6949186151162344,0.10079555299242983,0.5259333003033428,0.2815116584163183,-0.025158392950893445,-0.9298681091495559,2.5103098337133662,1.6050394136739212,-0.7809118874056095,-0.25812259776383295,0.0,0.0,0.0,0.0,0.0,1.0,0.0
10863939030,Walk,0.207937542401412,-0.4334277807164692,-0.8852086765732761,-0.272980310708683,1.0651755285310014,-0.36923395073588877,-0.33904689238134655,0.7212264205742792,0.1458732910331419,-0.8141017673094009,-0.022552771880666417,-0.025158392950893445,-0.9951080291376415,-0.016274744240422415,1.6050394136739212,-0.7809118874056095,-0.2796254466969932,0.0,0.0,0.0,0.0,1.0,0.0,0.0
10866171966,Walk,0.2953408667822872,-0.30146202076028145,-0.4493670404933049,-0.5430742607020524,-0.3945373083126339,-0.18003560173372984,-0.21809962799187976,0.6028412960130773,0.13084737835290436,-0.08766170434038718,0.18015684831732343,-0.025158392950893445,-0.4949353092289849,-0.3403902452382451,-1.0453570821046285,-0.5445344381275249,-0.2224329979023918,1.0,0.0,0.0,0.0,0.0,0.0,0.0
10887739951,Walk,0.01565022876348644,-0.38898570348036476,-0.6712500552249265,-0.5303805502584998,-0.029842280066077122,-0.2881489440206778,-0.30803477330712425,0.6423030042001447,0.09328259665231108,0.04634180242088736,0.12947944326782596,-0.025158392950893445,-0.6471617892011847,0.17326648441327533,-1.7079562060492661,-0.5445344381275249,-0.24386835515654026,0.0,0.0,0.0,1.0,0.0,0.0,0.0
10887740003,Walk,0.8372414779437137,0.08831313622371643,0.021473999696118466,1.6042784226655975,-0.10539291251613105,0.06659796035837026,0.03619974841674269,0.4844561714518755,0.16841216005349766,1.3087958924349987,0.0788020382183285,-0.025158392950893445,0.8968496505168423,-0.5090819387400359,-0.16189158351177863,-0.5445344381275249,-0.05665993591360253,0.0,1.0,0.0,0.0,0.0,0.0,0.0
10905629487,Walk,0.45266685066786266,-0.4322940542563645,-0.7815311964754648,-0.40837988877324416,-0.16322179167543166,-0.33544853127121754,-0.32974325665907983,0.6686108096581898,0.1383603346930231,1.4498522153416034,0.38286646851531325,-0.025158392950893445,-1.0820945891217557,-0.1356857182922518,1.6050394136739212,-0.5445344381275249,-0.28270306725993144,0.0,0.0,0.0,0.0,0.0,0.0,1.0
10914878808,Walk,0.17297621264906188,-0.1694962608040937,-0.4559707016460317,-0.13828593877987477,-0.18187626882359315,0.03619108284016613,-0.007217218287168466,0.6159951987420997,0.7243709292222785,0.06750025085687786,0.12947944326782596,-0.025158392950893445,-0.38620210924884213,-0.7194727025456401,-1.266223456752841,-0.5445344381275249,-0.1984734518532019,1.0,0.0,0.0,0.0,0.0,0.0,0.0
10918719597,Walk,0.36526352628698744,-0.4327475448404064,-0.7570976502103755,-0.5400771346251025,-0.3572283540163109,-0.2307137309307367,-0.25531417088094643,0.6686108096581898,0.2134898980942097,1.6120669866841983,0.33218906346581584,-0.025158392950893445,-1.0820945891217557,-0.24941045548447022,1.6050394136739212,-0.5445344381275249,-0.2864960996203947,1.0,0.0,0.0,0.0,0.0,0.0,0.0
10931222205,Walk,0.2778602019061122,0.023917473289769137,0.17996186736156253,-0.4780189946788453,-0.39640275602745007,-0.04827246582151198,-0.032026913546546285,0.6554569069291671,0.1834380727337352,0.2297150221994732,0.02812463316883103,-0.025158392950893445,0.7446231705446424,-0.5185590001727208,0.27984116578464635,-0.5445344381275249,-0.08793557996767182,0.0,0.0,0.0,1.0,0.0,0.0,0.0
10937476522,Walk,0.4351861857916876,-0.13888564638126663,0.07034109222629704,-0.4841895483666834,-0.45143346361452646,-0.1665214339478613,-0.18708750891765752,0.6291491014711224,0.1834380727337352,-0.6730454444027963,0.0788020382183285,-0.025158392950893445,0.09222397066378597,-0.2152930343268046,0.5007075404328588,-0.5445344381275249,-0.12421910660441682,0.0,1.0,0.0,0.0,0.0,0.0,0.0
10944894835,Walk,-0.03679176586503871,-0.43524174305263674,-0.8231342617376438,-0.5723403153357988,0.17908786399333135,-0.3286914473782833,-0.34214810428876874,0.6817647123872118,0.09328259665231108,1.2382677309816963,0.23083425336682087,-0.025158392950893445,-1.0386013091296986,-0.010588507380811272,-2.8122880792903286,-0.5445344381275249,-0.2805568318673561,0.0,0.0,0.0,0.0,0.0,1.0,0.0
10944894853,Walk,0.8547221428198888,-0.1855951765375805,-0.3298407736289492,0.1533167983539588,-0.029842280066077122,-0.16989997589432843,-0.19328993273250195,0.6028412960130773,0.13084737835290436,-0.5249363053508614,0.0788020382183285,-0.025158392950893445,-0.038255869312385324,-0.15463984115762155,0.7215739150810714,-0.5445344381275249,-0.1432517600857451,0.0,0.0,0.0,0.0,0.0,1.0,0.0
10951313137,Walk,0.6624348291819633,-0.016669933981979333,-0.2789925827529525,-0.03779406443508323,-0.23783970026807763,-0.2611206084489408,-0.17778387319539082,0.6028412960130773,0.3336971995361083,-0.17934831422968023,-0.12390758197966134,-0.025158392950893445,-0.12524242929649954,-0.8559423871763026,0.5007075404328588,-0.5445344381275249,-0.16105606500905864,0.0,0.0,0.0,0.0,0.0,0.0,1.0
10959087614,Walk,0.08557288826818664,-0.25792692469226075,-0.4249334942282156,-0.4045012550266031,-0.2210506708347323,-0.18003560173372984,-0.1591766017508575,0.5107639769099205,0.1383603346930231,-0.12292578506703834,-0.022552771880666417,-0.025158392950893445,-0.2774689092686994,-0.2835278766421358,0.7215739150810714,-0.5445344381275249,-0.1953283396112519,0.0,0.0,0.0,0.0,1.0,0.0,0.0
10962757792,Walk,0.15549554777288685,-0.36109603256178896,-0.6124774709656577,-0.5846814227114749,-0.16695268710506397,-0.25098498260953944,-0.2863262899551687,0.6817647123872118,0.1458732910331419,-0.7012567089841173,0.23083425336682087,-0.025158392950893445,-0.6471617892011847,-0.0674508759769206,-1.7079562060492661,-0.5445344381275249,-0.23817205744794412,1.0,0.0,0.0,0.0,0.0,0.0,0.0
10965929792,Walk,0.8022801481913637,-0.025059509786754156,0.23873445162083134,-0.10619905960311672,-0.36095924944594326,0.02267691505429762,0.0051876293425204435,0.6291491014711224,0.2585676361349218,0.6669896232099475,0.0788020382183285,-0.025158392950893445,0.44017021060024275,-0.23993339405178532,0.5007075404328588,-0.5445344381275249,-0.06567682422957936,1.0,0.0,0.0,0.0,0.0,0.0,0.0
10972900788,Walk,0.5400701750487379,-0.08197257808401039,0.06373743107357022,-0.5122214922628621,-0.2854086169958893,0.0024056633754948866,0.02379490078705378,0.6423030042001447,0.16841216005349766,0.11686996387418967,0.02812463316883103,-0.025158392950893445,0.6141433305684711,-0.17169855173645435,0.5007075404328588,-0.5445344381275249,-0.08677472308866879,0.0,0.0,1.0,0.0,0.0,0.0,0.0
10986000190,Walk,0.207937542401412,-0.3529332020490351,-0.47512131898893956,-0.6005485607659157,-0.41132633774597926,-0.36923395073588877,-0.3762614352704132,-1.449167529714421,-1.2139718065283354,-1.759179130783652,0.12947944326782596,-0.025158392950893445,-0.777641629177356,-0.006797682807737317,-0.6036243328082036,-0.5445344381275249,-0.2298435842578877,0.0,1.0,0.0,0.0,0.0,0.0,0.0
10986000213,Walk,0.207937542401412,-0.2812816897704177,-0.46719692560566733,-0.5822132012363397,-0.3227175712922123,-0.26787769234187503,-0.23360568752899089,0.7080725178452566,0.16089920371337915,-0.13703141735769875,-0.0732301769301639,-0.025158392950893445,-0.38620210924884213,-0.41241591212665024,-1.9288225806974786,-0.5445344381275249,-0.2178840587369963,0.0,1.0,0.0,0.0,0.0,0.0,0.0
10987500189,Walk,0.8722028076960638,0.0688130411099155,0.4375046523179091,-0.18095090999292662,-0.31059216114590743,-0.017865588303307846,-0.02272327782427959,0.589687393284055,0.24354172345468422,0.4130882419780593,0.0788020382183285,-0.025158392950893445,1.201302610461242,-0.19065267460182392,0.27984116578464635,-0.5445344381275249,-0.005595731573272792,0.0,1.0,0.0,0.0,0.0,0.0,0.0
10987501033,Run,1.2742580998480901,0.6021179679431692,2.117476049571616,-0.23807260698891333,-0.07647847293648084,0.5362152909173006,0.42695244875194294,0.589687393284055,0.3261842431959896,0.7445706008085802,0.12947944326782596,-0.025158392950893445,4.52853852985361,0.5220223451360787,0.5007075404328588,-0.5445344381275249,0.545689800930932,0.0,1.0,0.0,0.0,0.0,0.0,0.0
10993400337,Walk,0.22541820727758705,-0.20826970573967463,-0.31399198686240476,0.553168677325866,-0.09793112165686646,-0.18679268562666407,-0.1746826612879686,0.5633795878260103,0.1083085093325486,0.5611973810299941,0.02812463316883103,-0.025158392950893445,0.048730690671728874,-0.08450958655575339,0.27984116578464635,-0.5445344381275249,-0.14881307443631764,0.0,0.0,0.0,0.0,0.0,1.0,0.0
11001815595,Walk,0.7323574886866635,-0.1894498465019365,-0.3324822380900399,-0.0991469982455875,-0.2723504829921763,-0.21719956314486819,-0.25531417088094643,0.5502256850969877,0.12333442201278587,-0.32745745328161496,0.18015684831732343,-0.025158392950893445,-0.19048234928458518,-0.47117369300929635,0.27984116578464635,-0.5445344381275249,-0.17952178838668775,0.0,0.0,0.0,0.0,0.0,0.0,1.0
11008527991,Walk,0.2953408667822872,-0.18310097832535016,-0.259181599294772,-0.37170916971409224,-0.1912035073976739,-0.19354976951959832,-0.20259356845476864,0.6817647123872118,0.16089920371337915,-0.5249363053508614,0.0788020382183285,-0.025158392950893445,0.09222397066378597,-0.21718844661334158,0.5007075404328588,-0.5445344381275249,-0.14863759607088697,0.0,0.0,0.0,0.0,1.0,0.0,0.0
11022146631,Walk,0.4876281804202128,-0.30871787010495155,-0.5946475858532952,-0.48260283456123937,-0.092334778512418,-0.25098498260953944,-0.3111359852145465,-1.015088739656681,-0.8082721641619278,-0.2146123949563314,0.18015684831732343,-0.025158392950893445,-0.7124017091892704,-0.34986730667093,-0.16189158351177863,-0.5445344381275249,-0.22681995703815894,0.0,0.0,1.0,0.0,0.0,0.0,0.0
11022147103,Walk,0.7148768238104884,-0.1579322509110257,0.001002650122665276,-0.34579284422517226,-0.3413720484403738,-0.11246476280438734,-0.14367054221374637,0.5502256850969877,0.1759251163936164,-0.003027910596424459,0.12947944326782596,-0.025158392950893445,0.17921053064790018,-0.04091510396540291,0.27984116578464635,-0.5445344381275249,-0.11417634476746061,0.0,0.0,1.0,0.0,0.0,0.0,0.0
11035115496,Walk,0.26037953702993716,-0.3760612218351711,-0.6943628692594704,-0.5666986662497754,-0.180010821108777,-0.1901712275731312,-0.19328993273250195,0.6291491014711224,0.26608059247504023,0.4201410581233894,-0.22526239207865623,-0.025158392950893445,-0.8863748291574988,-0.3441810698113191,-1.0453570821046285,-0.5445344381275249,-0.26068728156628146,0.0,1.0,0.0,0.0,0.0,0.0,0.0
11035115609,Walk,0.8896834725722389,0.011219736936596433,0.26646982846228406,-0.1252396252684456,-0.3124576088607236,0.12403317344831134,0.04550338413900933,0.3134554359745841,0.22100285443432846,1.4498522153416034,0.12947944326782596,-0.025158392950893445,0.6141433305684711,-0.23993339405178532,0.27984116578464635,-0.5445344381275249,-0.04610423731615664,0.0,1.0,0.0,0.0,0.0,0.0,0.0
11042386089,Walk,0.6799154940581383,-0.09557729560526686,0.19052772520592545,-0.01822459416793966,-0.2975340271421944,-0.11246476280438734,-0.1374681183989019,0.6949186151162344,0.19095102907385367,-0.6377813636761451,0.0788020382183285,-0.025158392950893445,0.527156770584357,0.08039128237296364,0.27984116578464635,-0.5445344381275249,-0.059710559804936024,0.0,0.0,0.0,0.0,0.0,1.0,0.0
11050824734,Walk,0.7673188184390136,-0.04523984077661792,0.2090179764335606,-0.008880612869213444,-0.356295630158903,-0.03475829803564347,-0.06924145643561296,0.6423030042001447,0.16089920371337915,-0.11587296892170801,0.12947944326782596,-0.025158392950893445,0.5054101305883284,-0.20392056060758276,0.5007075404328588,-0.5445344381275249,-0.0710626602147212,0.0,0.0,0.0,0.0,0.0,0.0,1.0
11059711937,Walk,0.4177055209155126,-0.29103173732731813,-0.49955486525402887,-0.04431722119079775,-0.3227175712922123,-0.20368539535899968,-0.2118972041770353,0.6159951987420997,0.24354172345468422,1.7460704934454732,0.02812463316883103,-0.025158392950893445,-0.4731886692329563,-0.4484287455708526,-1.266223456752841,-0.5445344381275249,-0.22532164176409694,1.0,0.0,0.0,0.0,0.0,0.0,0.0
11063546105,Walk,0.6973961589343134,0.14885412919330773,0.8462712776717002,-0.07199656201909997,-0.3264484667218446,-0.08543642723265032,-0.10955721123210191,0.7080725178452566,0.2811065051552775,0.6740424393552779,0.12947944326782596,-0.025158392950893445,1.592742130389756,0.01594726463070641,0.05897479113643388,-0.5445344381275249,0.08333130469267813,1.0,0.0,0.0,0.0,0.0,0.0,0.0
11066465345,Walk,0.6973961589343134,-0.36857862719848006,-0.726720808907832,-0.5360221993445232,-0.15949089624579937,-0.32193436348534904,-0.32664204475165765,0.6554569069291671,0.1458732910331419,0.7939403138258919,-0.022552771880666417,-0.025158392950893445,-0.9081214691535273,-0.5583626581899973,-1.4870898314010537,-0.5445344381275249,-0.26789539288474196,0.0,0.0,1.0,0.0,0.0,0.0,0.0
11071673804,Walk,1.0644901213339895,0.12096445827473196,0.7756121033375231,-0.022632132516395335,-0.305928541858867,0.26255339325346344,0.2191712509546539,0.589687393284055,0.2811065051552775,0.0322361701302267,0.12947944326782596,-0.025158392950893445,1.3752757304294705,0.05954174722105668,0.5007075404328588,-0.5445344381275249,0.07500283150262174,0.0,0.0,1.0,0.0,0.0,0.0,0.0
11139765878,Walk,0.7673188184390136,-0.4735616974041758,-0.8264360923140072,-0.5231521873670324,-0.6668926746757915,-0.36923395073588877,0.020693688879631567,-1.107166058759838,-0.05697653015006196,-1.1879010230119031,-6.661292833364834,0.14053998820844835,-1.3213076290780699,-0.5261406493188687,0.27984116578464635,-0.5445344381275249,-0.3136142562473369,0.0,0.0,0.0,1.0,0.0,0.0,0.0
11139765915,Walk,0.4351861857916876,-0.08764121038453392,-0.24927610756568178,-0.3352147521888784,-0.12964373280874097,0.7558205174376634,5.683506631832614,-1.015088739656681,11.445359626571603,1.2241620986910358,-11.72903333831458,-3.0077292538190457,0.026984050675700325,-0.5015002895938879,0.5007075404328588,-0.3081569888494402,-0.13598965542407518,0.0,0.0,0.0,0.0,0.0,0.0,1.0
11139766120,Walk,0.7498381535628386,0.11280162776197808,0.46656076138990715,0.0316687399365797,-0.2425033195551179,0.2726890190928648,0.2377785223991873,0.6159951987420997,0.26608059247504023,0.5541445648846637,0.0788020382183285,-0.025158392950893445,1.3535290904334418,-0.16980313944991737,-2.3705553299939037,-0.3081569888494402,0.02306123533513853,0.0,0.0,0.0,0.0,0.0,1.0,0.0
11164233861,Walk,0.9770867969531142,-0.31801442707781014,-0.44804630826275954,-0.11289851789276954,0.0820845828228916,-0.24422789871660516,-0.2398081113438353,0.6554569069291671,0.1834380727337352,-0.20050676266567072,0.02812463316883103,2.12892056212055,0.048730690671728874,0.6433287314744452,-0.16189158351177863,-0.3081569888494402,-0.16455213398186996,1.0,0.0,0.0,0.0,0.0,0.0,0.0
11188169933,Walk,0.7847994833151887,0.45972192455401806,0.8746670206284256,-0.2599339971972539,-0.2723504829921763,0.3064744385575361,0.26879064147340953,0.4844561714518755,0.3336971995361083,0.8503628429885336,0.12947944326782596,0.30623836936779014,2.0276749303103268,-0.5109773510265728,0.27984116578464635,-0.3081569888494402,0.1119477765936824,0.0,1.0,0.0,0.0,0.0,0.0,0.0
11232515115,Walk,-1.7498969237301936,-0.024606019202712274,0.2638283640011933,1.0223070591354981,-0.3339102575811092,-0.2374708148236709,-0.25531417088094643,0.5239178796389429,0.06698724946189592,-0.6377813636761451,0.12947944326782596,-0.025158392950893445,-0.14698906929252809,-0.16032607801723248,0.27984116578464635,-0.3081569888494402,-0.05255644182968497,0.0,0.0,0.0,1.0,0.0,0.0,0.0
11345975137,Walk,-1.7498969237301936,0.05634205004876373,0.3972223192862754,0.5857844611044388,-0.4747515600497283,-0.3151772795924148,-0.32664204475165765,0.3529171441616512,0.021909511421183872,-0.02418635903241495,0.0788020382183285,-0.025158392950893445,-0.14698906929252809,-0.4768599298689073,0.27984116578464635,-0.07177953957135559,-0.06524487748390381,0.0,1.0,0.0,0.0,0.0,0.0,0.0
11353736618,Walk,0.6099928345534381,-0.14840894864614615,-0.11984434897223581,-0.3167030911253642,-0.3516320108718625,-0.08881496917911744,-0.14677175412116858,0.5633795878260103,0.16089920371337915,1.0266832466217894,0.18015684831732343,-1.3507454422256278,0.048730690671728874,-0.33280859609209723,0.27984116578464635,-0.07177953957135559,-0.14345423512278055,0.0,0.0,0.0,0.0,0.0,1.0,0.0
11370591504,Walk,0.6274734994296132,-0.15838574149506757,-0.26644562656277154,-0.0998522043813405,-0.2751486545644006,-0.10570767891145309,-0.1591766017508575,0.5107639769099205,0.1759251163936164,-0.18640113037501033,0.12947944326782596,-1.185047061066286,-0.25572226927267083,-0.46359204386314845,0.5007075404328588,-0.07177953957135559,-0.16395820720656612,0.0,0.0,0.0,0.0,1.0,0.0,0.0
11379700971,Walk,0.8022801481913637,0.3413608821190868,1.235226919567311,-0.13687552650836893,-0.3777482788792886,0.3368813160757401,0.34011851534412074,0.6028412960130773,0.6041636277803799,1.6825951481375008,0.0788020382183285,0.4719367505271319,1.7232219703659273,-0.18686185002874994,0.27984116578464635,-0.07177953957135559,0.14719193137364564,1.0,0.0,0.0,0.0,0.0,0.0,0.0
11495966249,Walk,0.5400701750487379,-0.36041579668572615,-0.5358750015940265,-0.3963913844654445,0.5027430425139329,-0.29152748596714495,-0.2739214423254798,0.7080725178452566,0.16841216005349766,-0.355668717862936,-0.12390758197966134,-2.013538966862995,-0.25572226927267083,1.5550220412987308,0.7215739150810714,-0.07177953957135559,-0.1499604329795183,0.0,0.0,1.0,0.0,0.0,0.0,0.0
12169701066,Walk,-1.7498969237301936,-0.4792303297046993,-0.8858690426885487,-0.5409586422947937,-0.30686126571627514,-0.36923395073588877,-0.3762614352704132,0.46472531735834205,-0.07200244283029936,-1.6533868886036984,-0.22526239207865623,-0.025158392950893445,-0.14698906929252809,-0.3915663769747435,0.7215739150810714,0.6373528082628983,-0.3139247179707912,0.0,0.0,0.0,0.0,0.0,0.0,1.0
12421764437,Walk,-1.7498969237301936,-0.5275270769051598,-0.9836032277489059,-0.666485334458814,-0.5447058493553338,-0.36923395073588877,-0.3762614352704132,0.46472531735834205,-0.11708018087101128,-1.759179130783652,-0.12390758197966134,-0.025158392950893445,-0.14698906929252809,-0.27784163978252485,-2.149688955345691,0.6373528082628983,-0.3375738022965268,1.0,0.0,0.0,0.0,0.0,0.0,0.0
12551270240,Workout,1.3616614242289653,0.49622791656938964,1.9979497827072603,-0.917891321854731,-1.3738973585911112,-0.36923395073588877,-0.3762614352704132,-1.449167529714421,-1.2139718065283354,-1.759179130783652,0.12947944326782596,5.774284947626069,8.377693809150664,-1.9628631625138961,-0.8244907074564161,1.1101077068190677,-0.34032746280020837,0.0,0.0,0.0,0.0,0.0,1.0,0.0
12570233587,Run,1.7462360515048163,-0.31098532302516096,-0.403141412424217,-0.03003679694180115,1.0996863112551,-0.0651651755538476,-0.11265842313952412,0.5502256850969877,0.12333442201278587,-0.8846299287627032,0.12947944326782596,9.41964933313159,1.0490761304890421,2.6733152903555464,-1.9288225806974786,1.1101077068190677,-0.017420273736140603,1.0,0.0,0.0,0.0,0.0,0.0,0.0
12801962141,Walk,0.924644802324589,-0.09262960680899462,-0.14361752912205242,0.05423533628067325,-0.16975085867728829,-0.13949309837612434,-0.2987311375848576,-1.8700924170431386,-1.0561997233858436,1.6825951481375008,0.38286646851531325,1.6318254186425245,-0.016509229316356774,-0.33091318380556023,0.05897479113643388,1.3464851560971522,-0.1146622848563456,1.0,0.0,0.0,0.0,0.0,0.0,0.0
12974161621,Walk,0.5225895101725628,-0.09943196556962286,-0.48766827517912054,0.15049597381094712,-0.180010821108777,-0.2780133181812764,-0.2739214423254798,0.7212264205742792,0.19846398541397245,-0.1581898657936895,0.0788020382183285,-2.179237348022337,-0.5601752292170705,-0.9791441858012059,0.5007075404328588,1.3464851560971522,-0.20655895499881582,0.0,0.0,0.0,1.0,0.0,0.0,0.0
13706937025,Walk,0.9596061320769391,-0.1767521101487638,0.03798315257793555,-0.5300279471906233,-0.5988038330850021,-0.36923395073588877,-0.3762614352704132,-1.449167529714421,-1.2139718065283354,-1.759179130783652,0.12947944326782596,1.963222180961208,0.8968496505168423,-0.38777555240166955,0.5007075404328588,-0.7809118874056095,-0.1642011772510086,0.0,0.0,0.0,1.0,0.0,0.0,0.0
13960259413,Walk,0.1380148828967118,-0.47152098977598733,-0.947943457524181,-0.6640171129836787,-0.6211892056627958,-0.36923395073588877,-0.3762614352704132,-1.0413965451147258,-0.935992421943945,-1.1879010230119031,-0.5293268223756411,-5.824601733527857,-1.5170273890423267,-1.5269183366103918,-2.3705553299939037,-0.5445344381275249,-0.33194499626694246,0.0,0.0,0.0,1.0,0.0,0.0,0.0
14167368531,Walk,0.7148768238104884,0.1019178537449729,0.49429613823135987,-0.441877180221508,-0.457962530616383,-0.04151538192857775,-0.08784872788014629,0.6159951987420997,0.19846398541397245,-0.6730454444027963,0.12947944326782596,-0.35655515526957704,0.570650050576414,-0.4598012192900745,0.5007075404328588,-0.3081569888494402,-0.040623912980398226,0.0,0.0,0.0,1.0,0.0,0.0,0.0
16065756097,Walk,0.5925121696772631,-0.13911239167328757,-0.18125839769259539,-0.45598130293656647,-0.4943387610552979,-0.1665214339478613,-0.19328993273250195,0.5239178796389429,0.12333442201278587,-0.08766170434038718,0.12947944326782596,-1.5164438233849695,-0.4514420292369278,-0.6891461059610485,0.9424402897292838,1.1101077068190677,-0.18276138897925429,0.0,0.0,0.0,0.0,0.0,1.0,0.0
16055474379,Walk,-1.7498969237301936,1.5646517325720644,1.1315494394694996,9.49712179554625,6.9963665377889415,3.50933220380837,3.053678934338567,-2.685634386242529,-0.5415622140877155,1.626172618974859,0.12947944326782596,-0.025158392950893445,-0.14698906929252809,3.9697772943468372,0.9424402897292838,1.1101077068190677,3.567359761968341,0.0,1.0,0.0,0.0,0.0,0.0,0.0
16063662192,Walk,-1.7498969237301936,7.360488141919342,7.412291561827993,5.273818550055931,5.4088705324804005,11.698917882044679,10.670255378967552,-1.6135913138272013,1.1037752243982708,1.5768029059575472,0.12947944326782596,-0.025158392950893445,-0.14698906929252809,3.080828931960996,-1.9288225806974786,1.1101077068190677,12.162776040852245,0.0,0.0,0.0,0.0,0.0,1.0,0.0
16088739461,Walk,-1.7498969237301936,10.169182074182741,2.8260488912592057,0.8944884470302806,-0.3152557804329477,0.8115664595543711,0.8084015133648766,-0.9361653232825463,-0.4401373034961135,0.5400389325940035,0.12947944326782596,-0.025158392950893445,-0.14698906929252809,-1.6994008546852566,-1.7079562060492661,1.1101077068190677,0.5470801295185753,0.0,0.0,0.0,0.0,1.0,0.0,0.0
16180467304,Walk,-1.7498969237301936,0.2538371993990035,-0.19710718445913977,0.14696994313218256,-0.19773257439953051,-0.10232913696498595,-0.12506327076921303,-0.7848954418987886,-0.4063289999655796,-0.5672532022228429,0.12947944326782596,-0.025158392950893445,-0.14698906929252809,-1.12698634415109,-1.7079562060492661,1.1101077068190677,-0.13361394832285972,0.0,0.0,0.0,1.0,0.0,0.0,0.0
16180560256,Ride,-1.7498969237301936,-0.4939687736860605,-0.8858690426885487,-0.3678305359674511,0.09980633611364512,-0.26787769234187503,-0.30183234949227983,-1.817476806127049,-1.0561997233858436,0.25792628678079427,0.7882857089112929,-0.025158392950893445,-0.14698906929252809,1.0318882502145255,0.05897479113643388,1.1101077068190677,-0.3038549594622303,0.0,0.0,1.0,0.0,0.0,0.0,0.0
16180606538,Walk,-1.7498969237301936,-0.48421872612916006,-0.8720013542678223,0.3950262013832732,0.3488436060416007,-0.21888883411810175,-0.2537635649272353,-1.1729355724049502,-0.8045156859918685,-0.4332496954615684,0.38286646851531325,-0.025158392950893445,-0.14698906929252809,1.1778349962778725,0.05897479113643388,1.1101077068190677,-0.292462364045038,0.0,0.0,1.0,0.0,0.0,0.0,0.0
16180821872,Run,-1.7498969237301936,-0.30735739835282594,-0.43880118264894197,-0.1386385418477512,0.28448565988044366,0.4061414259783162,0.330814879621854,-1.8832463197721612,-0.5603446049380122,1.1395283049470732,0.18015684831732343,-0.025158392950893445,-0.14698906929252809,0.9105818638761589,0.05897479113643388,1.1101077068190677,-0.13685354891542623,0.0,0.0,1.0,0.0,0.0,0.0,0.0
16180962018,Run,-1.7498969237301936,-0.39669504340907674,-0.6811555469540168,1.06497203034855,0.39268162733978007,0.12065463150184423,0.08271792702807607,-1.7780150979399816,-0.7293861225906819,0.05339461856621744,-0.12390758197966134,-0.025158392950893445,-0.14698906929252809,0.9143726884492328,0.27984116578464635,1.1101077068190677,-0.21737112197650663,0.0,0.0,1.0,0.0,0.0,0.0,0.0
16289081571,Walk,-1.7498969237301936,2.4818364387967713,1.447864808685115,4.355816462839565,7.67912040141165,4.524584058721741,4.038313714945124,-2.804019510803731,0.01064007691100599,1.3652184215976402,0.18015684831732343,-0.025158392950893445,-0.14698906929252809,3.164227072568623,-2.149688955345691,1.1101077068190677,4.5136740917286255,0.0,0.0,0.0,0.0,0.0,0.0,1.0
16352734901,Walk,-1.7498969237301936,0.09738294790455408,-0.271728555484953,1.619087751516409,0.24437853401189655,0.6510857170971828,0.6533409179937654,-1.7451303411174255,-0.20347917878237587,1.4921691122135847,-0.022552771880666417,-0.025158392950893445,-0.14698906929252809,-0.6607149216629938,0.27984116578464635,1.3464851560971522,-0.08245525563191344,0.0,0.0,0.0,0.0,0.0,1.0,0.0
14004990872,Walk,-1.7498969237301936,1.064678363665889,3.3107576198693556,0.44668255082717484,-0.0671512343624001,1.7508011206722316,1.5697490366370328,-2.9552893921874888,-0.4777020851967068,1.753123309590803,0.12947944326782596,-0.025158392950893445,-0.14698906929252809,0.49738198541109824,0.9424402897292838,-0.5445344381275249,0.8940278546466472,0.0,0.0,0.0,0.0,1.0,0.0,0.0
14051700236,Walk,-1.7498969237301936,0.9710325580612403,2.1874748577905203,0.3091673543553548,-0.09886384551427463,0.6696676978027518,0.5773612262619208,-1.7780150979399816,-0.5190233450673595,1.6402782512655196,0.12947944326782596,-0.025158392950893445,-0.14698906929252809,-0.07882334969614245,0.9424402897292838,-0.3081569888494402,0.5497797966790473,0.0,0.0,0.0,0.0,0.0,1.0,0.0
14071309120,Walk,-1.7498969237301936,1.0249979375622242,3.3900015537020773,-0.3202291218041288,-0.19400167896989823,0.3791130904065792,0.31065700222360954,-2.1726321798106545,-0.5866399521284275,1.2382677309816963,0.12947944326782596,-0.025158392950893445,-0.14698906929252809,0.3571214762073619,0.7215739150810714,-0.3081569888494402,0.7943291464104124,0.0,0.0,0.0,0.0,1.0,0.0,0.0
14109673317,Walk,-1.7498969237301936,1.831984431864754,4.159988444110026,0.44721145542898955,-0.20146346982916283,1.9433780116208579,1.7465181153600997,-2.69221133760704,-0.6204482556589613,1.6402782512655196,0.18015684831732343,-0.025158392950893445,-0.14698906929252809,-0.17928020088260224,0.7215739150810714,-0.3081569888494402,0.9848851529323357,0.0,1.0,0.0,0.0,0.0,0.0,0.0
14119779298,Walk,-1.7498969237301936,1.4490116336413843,3.030102020878465,0.45020858150593934,-0.23783970026807763,0.5429723748102347,0.4610657797335875,-2.1726321798106545,-0.5753705176182494,1.6402782512655196,0.12947944326782596,-0.025158392950893445,-0.14698906929252809,-0.35176271895746697,0.7215739150810714,-0.3081569888494402,0.663030834060852,0.0,0.0,0.0,0.0,0.0,1.0,0.0
14246117323,Walk,-1.7498969237301936,0.9782884074059105,1.925309510027265,1.7090015338249067,-0.3889409651681855,0.08349067009070588,0.039300960324164906,-1.5675526542756228,-0.7444120352709193,0.624672726337966,0.12947944326782596,-0.025158392950893445,-0.14698906929252809,-0.6322837373649394,1.1633066643774963,-0.3081569888494402,0.29082772264656376,0.0,1.0,0.0,0.0,0.0,0.0,0.0
15797976654,Run,-1.7498969237301936,-0.27107815162947535,-0.2955017356347696,-0.2902578610346296,0.39081617962496396,-0.36923395073588877,-0.3762614352704132,-1.3702441133402865,-1.0937645050864369,-1.2584291844652054,0.12947944326782596,-0.025158392950893445,-0.14698906929252809,1.3465266897796633,0.27984116578464635,0.873730257540983,-0.06836299305424907,0.0,0.0,1.0,0.0,0.0,0.0,0.0
15798912271,Walk,-1.7498969237301936,0.4202682437423743,0.4408064828942725,1.0226596622033746,-0.06808395821980828,0.05308379257250175,0.039300960324164906,-1.5083600919950217,-0.8458369458625211,0.31434881594343594,0.12947944326782596,-0.025158392950893445,-0.14698906929252809,-0.586793842488052,0.27984116578464635,0.873730257540983,0.07172273590264812,0.0,0.0,1.0,0.0,0.0,0.0,0.0
15821084822,Walk,-1.7498969237301936,0.2654012092920715,-0.8211531633918258,0.7146608824132854,0.8385236311808393,-0.1141540337776209,-0.2227514458530131,-2.6724804835135068,-1.0261478980253689,1.5415388252308961,0.5855760887133031,-0.025158392950893445,-0.14698906929252809,-1.6197935386507036,0.5007075404328588,0.873730257540983,-0.2541810837095437,0.0,1.0,0.0,0.0,0.0,0.0,0.0
15823172080,Run,-1.7498969237301936,-0.33638079573150637,-0.43087678926566975,-0.23031533949563118,0.8310618403215747,-0.36923395073588877,-0.3762614352704132,-1.3702441133402865,-1.1388422431271488,-1.6392812563130381,0.12947944326782596,-0.025158392950893445,-0.14698906929252809,2.4875648862749222,1.3841730390257088,0.873730257540983,-0.0658927976024171,0.0,1.0,0.0,0.0,0.0,0.0,0.0
15832184034,Run,-1.7498969237301936,-0.3354738145634226,-0.43483898595730586,-0.09280014302381126,0.8767653093345702,-0.36923395073588877,-0.3762614352704132,-1.3702441133402865,-1.1388422431271488,-1.6604397047490287,0.12947944326782596,-0.025158392950893445,-0.14698906929252809,2.5273685442921994,0.5007075404328588,0.873730257540983,-0.06214026024936088,0.0,0.0,0.0,0.0,0.0,1.0,0.0
15844261463,Run,-1.7498969237301936,-0.26518277403693086,-0.24201208029768226,0.1117096363445364,0.6659697175603456,-0.36923395073588877,-0.3762614352704132,-1.383398016069309,-1.1238163304469115,-1.5899115432957265,0.12947944326782596,-0.025158392950893445,-0.14698906929252809,2.06299253409064,0.7215739150810714,0.873730257540983,-0.002045669257251983,0.0,0.0,0.0,0.0,0.0,0.0,1.0
15899665961,Run,-1.7498969237301936,-0.08968191801272239,-0.05446810356024014,-0.16332075659910344,0.593217256682516,-0.36923395073588877,-0.3762614352704132,-1.199243377862995,-1.041173810705606,-1.6604397047490287,0.12947944326782596,-0.025158392950893445,-0.14698906929252809,0.9636534078991942,0.5007075404328588,0.873730257540983,0.06683633834219362,0.0,1.0,0.0,0.0,0.0,0.0,0.0
15911397843,Run,-1.7498969237301936,-0.08174583279198945,-0.08682604320860163,-0.16332075659910344,0.6594406505584893,-0.36923395073588877,-0.3762614352704132,-1.3768210647047976,-1.1238163304469115,-1.5758059110050657,0.12947944326782596,-0.025158392950893445,-0.14698906929252809,0.9067910393030849,0.5007075404328588,0.873730257540983,0.06605343486565668,0.0,0.0,0.0,0.0,0.0,1.0,0.0
15925116156,Walk,-1.7498969237301936,-0.050001491909057685,0.03270022365575408,0.6612415176300017,-0.18187626882359315,-0.36923395073588877,-0.3762614352704132,-1.3110515510596854,-1.0937645050864369,-1.2584291844652054,0.12947944326782596,-0.025158392950893445,-0.14698906929252809,-0.18686185002874994,1.3841730390257088,0.873730257540983,-0.07092767685669758,0.0,0.0,0.0,0.0,0.0,0.0,1.0
15956143900,Run,-1.7498969237301936,-0.2230081497210358,-0.15484375308168805,-0.14216457252651574,0.8180037063178618,-0.32700217640504975,-0.33284446856650207,-1.4425905783499098,-1.0937645050864369,-1.427696771953131,0.12947944326782596,-0.025158392950893445,-0.14698906929252809,2.205148455580913,0.9424402897292838,0.873730257540983,0.06509505302368909,0.0,0.0,1.0,0.0,0.0,0.0,0.0
16010788442,Run,-1.7498969237301936,-0.46607910276748477,-0.8138891361238262,-0.057539836236165084,0.6267953155492066,-0.08036861431294963,-0.10800660527839077,-1.6398991192852461,-1.105033939596615,0.004024905548905873,0.12947944326782596,-0.025158392950893445,-0.14698906929252809,1.9094641388811453,0.5007075404328588,1.1101077068190677,-0.25924295963542887,0.0,0.0,0.0,0.0,1.0,0.0,0.0
16022326257,Run,-1.7498969237301936,-0.3250435311304593,-0.39851884961730827,-0.2162112167805727,0.8525144890419605,-0.36923395073588877,-0.3762614352704132,-1.3702441133402865,-1.0937645050864369,-0.7647320542920893,0.12947944326782596,-0.025158392950893445,-0.14698906929252809,2.5273685442921994,0.9424402897292838,1.1101077068190677,-0.04746756923219505,1.0,0.0,0.0,0.0,0.0,0.0,0.0
16065529990,Run,-1.7498969237301936,-0.33229938047512947,-0.44078228099476,-0.18447694067169115,0.8459854220401039,-0.36923395073588877,-0.3762614352704132,-1.449167529714421,-1.1801635029978015,-1.6463340724583682,0.12947944326782596,-0.025158392950893445,-0.14698906929252809,2.3491997893577232,0.9424402897292838,1.1101077068190677,-0.06883543480733173,0.0,0.0,0.0,0.0,0.0,1.0,0.0
16078214431,Walk,-1.7498969237301936,0.07130723932214585,0.35561925402409633,0.9050665390665746,-0.05129492878646294,0.29296027077166764,0.22072185690836504,-1.3899749674338202,0.27735002698521843,1.7037535965734916,0.12947944326782596,-0.025158392950893445,-0.14698906929252809,0.10692705438448133,1.1633066643774963,1.1101077068190677,0.05219064399663251,0.0,0.0,0.0,0.0,0.0,0.0,1.0
16150337536,Run,-1.7498969237301936,-0.4107532515143751,-0.6468165089598372,-0.2655756462832773,0.4393178202101838,-0.36923395073588877,-0.3762614352704132,-1.3702441133402865,-1.0937645050864369,-1.0186334355239777,0.12947944326782596,-0.025158392950893445,-0.14698906929252809,1.6877009013563187,0.5007075404328588,1.1101077068190677,-0.2004847038877536,0.0,0.0,0.0,0.0,0.0,0.0,1.0
